,,,,,,,,,,,
#EJECUCIÓN GASTOS - EJERCICIO 2015,,,,,,,,,,,
,,,,,,,,,,,
#Org.,Prog.,Econ.,Denominación,,Vinc. Org.,Vinc. Fun.,Vinc. Eco.,Créditos Iniciales,Modificaciones de Crédito,Créditos Definitivos,Obligaciones Reconocidas
,,,,,,,,,,,
,130,11000,Seguridad y P. Civil Retribuciones básicas,Seguridad y P. Civil Retribuciones básicas,,130,1,480.8,0,480.8,15725.73
,,,,,,,,,,,
,130,12001,Seguridad  y P. Civil. Sueldos del Grupo A2,Seguridad  y P. Civil. Sueldos del Grupo A2,,130,1,3345.44,0,3345.44,4221.91
,,,,,,,,,,,
,130,12003,Seguridad  y P. Civil. Sueldos del Grupo C1,Seguridad  y P. Civil. Sueldos del Grupo C1,,130,1,15152.62,0,15152.62,19248.22
,,,,,,,,,,,
,130,12004,Seguridad  y P. Civil. Sueldos del Grupo C2,Seguridad  y P. Civil. Sueldos del Grupo C2,,130,1,444643.5,0,444643.5,398130.86
,,,,,,,,,,,
,130,12006,Seguridad  y P. Civil. Trienios,Seguridad  y P. Civil. Trienios,,130,1,53927.29,0,53927.29,70856.89
,,,,,,,,,,,
,130,12100,Seguridad  y P. Civil. Complemento de destino,Seguridad  y P. Civil. Complemento de destino,,130,1,252547.82,0,252547.82,225318.62
,,,,,,,,,,,
,130,12101,Seguridad y P.Civil. Complemento específico,Seguridad y P.Civil. Complemento específico,,130,1,1374433.34,0,1374433.34,1291651.68
,,,,,,,,,,,
,130,13000,Seguridad  y P. Civil..Salario Base,Seguridad  y P. Civil..Salario Base,,130,1,7678.58,0,7678.58,822.71
,,,,,,,,,,,
,130,13002,Seguridad  y P. Civil..Otras remuneraciones,Seguridad  y P. Civil..Otras remuneraciones,,130,1,9525.4,0,9525.4,1608.09
,,,,,,,,,,,
,130,13006,Seguridad  y P. Civil..Trienios,Seguridad  y P. Civil..Trienios,,130,1,898.74,0,898.74,307.11
,,,,,,,,,,,
,130,15000,Seguridad  y P. Civil. Productividad,Seguridad  y P. Civil. Productividad,,130,15000,30000,0,30000,0
,,,,,,,,,,,
,130,15100,Seguridad  y P. Civil. Gratificaciones,Seguridad  y P. Civil. Gratificaciones,,130,15100,40000,0,40000,39355.54
,,,,,,,,,,,
,130,20400,Seguridad  y P. Civil. Alquiler de vehiculos,Seguridad  y P. Civil. Alquiler de vehiculos,,130,2,39325,0,39325,16760.28
,,,,,,,,,,,
,130,21300,Seguridad  y P. Civil. Mantenimiento equipos de transmisión,Seguridad  y P. Civil. Mantenimiento equipos de transmisión,,130,2,5000,0,5000,0
,,,,,,,,,,,
,130,21301,"Seguridad  y P. Civil. Mantenimiento, maquinaria, instalacciones y utillaje","Seguridad  y P. Civil. Mantenimiento, maquinaria, instalacciones y utillaje",,130,2,6000,0,6000,3299.85
,,,,,,,,,,,
,130,21303,Seguridad  y P. Civil. Mantenimiento aparatos elevadores,Seguridad  y P. Civil. Mantenimiento aparatos elevadores,,130,2,944.07,0,944.07,922.36
,,,,,,,,,,,
,130,21305,"Seguridad  y P. Civil..Mantenimiento equip.seg., vigilancia  y alarmas","Seguridad  y P. Civil..Mantenimiento equip.seg., vigilancia  y alarmas",,130,2,39658.42,0,39658.42,42631.03
,,,,,,,,,,,
,130,21400,Seguridad  y P. Civil. Mantenimiento y reparación de vehículos,Seguridad  y P. Civil. Mantenimiento y reparación de vehículos,,130,2,20000,0,20000,15496.55
,,,,,,,,,,,
,130,21500,Seguridad  y P. Civil. Mantenimiento mobiliario y enseres,Seguridad  y P. Civil. Mantenimiento mobiliario y enseres,,130,2,1000,0,1000,0
,,,,,,,,,,,
,130,21600,Seguridad  y P. Civil. Mantenimiento equipos para procesos de información,Seguridad  y P. Civil. Mantenimiento equipos para procesos de información,,130,2,42287.55,0,42287.55,43073.82
,,,,,,,,,,,
,130,22000,Seguridad  y P. Civil. Ordinario no inventariable,Seguridad  y P. Civil. Ordinario no inventariable,,130,2,4000,0,4000,118.58
,,,,,,,,,,,
,130,22001,"Seguridad  y P. Civil. Prensa, revistas, libros y otras publicaciones","Seguridad  y P. Civil. Prensa, revistas, libros y otras publicaciones",,130,2,1000,0,1000,1726.8
,,,,,,,,,,,
,130,22100,Seguridad  y P. Civil. Energía eléctrica,Seguridad  y P. Civil. Energía eléctrica,,130,2,42500,0,42500,25757.99
,,,,,,,,,,,
,130,22101,Seguridad  y P. Civil..Agua,Seguridad  y P. Civil..Agua,,130,2,1500,0,1500,1359.85
,,,,,,,,,,,
,130,22103,Seguridad  y P. Civil. Combustibles y carburantes,Seguridad  y P. Civil. Combustibles y carburantes,,130,2,10000,0,10000,94.58
,,,,,,,,,,,
,130,22104,Seguridad  y P. Civil. Vestuario,Seguridad  y P. Civil. Vestuario,,130,2,15000,-9190.29,5809.71,2030.02
,,,,,,,,,,,
,130,22117,Seguridad  y P. Civil. Utillaje,Seguridad  y P. Civil. Utillaje,,130,2,10000,0,10000,8315.27
,,,,,,,,,,,
,130,22121,Seguridad  y P. Civil. Material prácticas de tiro,Seguridad  y P. Civil. Material prácticas de tiro,,130,2,3000,0,3000,1482.19
,,,,,,,,,,,
,130,22199,Seguridad  y P. Civil. Otros suministros,Seguridad  y P. Civil. Otros suministros,,130,2,1000,0,1000,724.76
,,,,,,,,,,,
,130,22201,Seguridad  y P. Civil. Postales,Seguridad  y P. Civil. Postales,,130,2,2500,0,2500,0
,,,,,,,,,,,
,130,22400,Seguridad  y P. Civil. Primas de seguros,Seguridad  y P. Civil. Primas de seguros,,130,2,7000,0,7000,2260.14
,,,,,,,,,,,
,130,22401,Seguridad  y P. Civil. Primes de seguros de vehículos,Seguridad  y P. Civil. Primes de seguros de vehículos,,130,2,31000,0,31000,31549.17
,,,,,,,,,,,
,130,22403,Seguridad  y P. Civil. Seguro perro policía,Seguridad  y P. Civil. Seguro perro policía,,130,2,300,0,300,253.14
,,,,,,,,,,,
,130,22603,Seguridad  y P. Civil. Publicación en Diarios Oficiales,Seguridad  y P. Civil. Publicación en Diarios Oficiales,,130,2,1000,0,1000,0
,,,,,,,,,,,
,130,22607,Seguridad  y P. Civil..Oposiciones y pruebas selectivas,Seguridad  y P. Civil..Oposiciones y pruebas selectivas,,130,2,0,4673.85,4673.85,7309.87
,,,,,,,,,,,
,130,22610,Seguridad  y P. Civil. Festejos populares (Patrona G. Civil y Policía Local),Seguridad  y P. Civil. Festejos populares (Patrona G. Civil y Policía Local),,130,2,2000,0,2000,1792.01
,,,,,,,,,,,
,130,22699,Seguridad  y P. Civil. Otros gastos diversos,Seguridad  y P. Civil. Otros gastos diversos,,130,2,3000,0,3000,1115.25
,,,,,,,,,,,
,130,22703,Seguridad  y P. Civil. Tramitación de expedientes sancionadores,Seguridad  y P. Civil. Tramitación de expedientes sancionadores,,130,2,34255.1,0,34255.1,34254.99
,,,,,,,,,,,
,130,22715,Seguridad  y P. Civil. Limpieza en edificios,Seguridad  y P. Civil. Limpieza en edificios,,130,2,18000,0,18000,17563.58
,,,,,,,,,,,
,130,22734,Seguridad  y P. Civil..Servicio de lavandería,Seguridad  y P. Civil..Servicio de lavandería,,130,2,0,0,0,774.41
,,,,,,,,,,,
,130,22755,Seguridad  y P. Civil. Servicio de Grua,Seguridad  y P. Civil. Servicio de Grua,,130,2,98220,0,98220,4652.78
,,,,,,,,,,,
,130,60900,Seguridad y P. Civil .Instalacción de Semáforos,Seguridad y P. Civil .Instalacción de Semáforos,,130,60900,0,72000,72000,0
,,,,,,,,,,,
,130,61109,Seguridad  y P. Civil..Pintura de Viales,Seguridad  y P. Civil..Pintura de Viales,,,,0,59029.85,59029.85,59027.36
,,,,,,,,,,,
,130,62305,Seguridad  y P. Civil. Señalización,Seguridad  y P. Civil. Señalización,,130,62305,15000,0,15000,8011.17
,,,,,,,,,,,
,130,62308,Seguridad  y P. Civil. Cámaras control de tráfico,Seguridad  y P. Civil. Cámaras control de tráfico,,130,62308,6000,0,6000,0
,,,,,,,,,,,
,130,62319,Seguridad  y P. Civil.Máquina Trazadora líneas de pintura,Seguridad  y P. Civil.Máquina Trazadora líneas de pintura,,130,62319,0,9190.29,9190.29,9190.29
,,,,,,,,,,,
,135,21300,Protección civil. Mantenimiento equipos de transmisión,Protección civil. Mantenimiento equipos de transmisión,,135,2,2000,0,2000,0
,,,,,,,,,,,
,135,21301,"Protección civil. Mantenimiento, maquinaria, instalacciones y utillaje","Protección civil. Mantenimiento, maquinaria, instalacciones y utillaje",,135,2,1000,0,1000,2284.92
,,,,,,,,,,,
,135,21400,Protección civil. Mantenimiento y reparación de vehículos,Protección civil. Mantenimiento y reparación de vehículos,,135,2,5000,0,5000,4302.41
,,,,,,,,,,,
,135,22002,"Protección civil. Material, informático no inventariable","Protección civil. Material, informático no inventariable",,135,2,500,0,500,0
,,,,,,,,,,,
,135,22103,Protección civil. Combustibles y carburantes,Protección civil. Combustibles y carburantes,,135,2,1000,0,1000,0
,,,,,,,,,,,
,135,22104,Protección civil. Vestuario,Protección civil. Vestuario,,135,2,7000,0,7000,10315.98
,,,,,,,,,,,
,135,22122,Protección civil. Material técnico sanitario primeros auxilios,Protección civil. Material técnico sanitario primeros auxilios,,135,2,3000,0,3000,2997.23
,,,,,,,,,,,
,135,22123,Protección civil. Material contra incendios,Protección civil. Material contra incendios,,135,2,3000,0,3000,0
,,,,,,,,,,,
,135,22199,Protección civil. Otros suministros,Protección civil. Otros suministros,,135,2,100,0,100,0
,,,,,,,,,,,
,135,22200,Protección civil. Servicios de Telecomunicaciones,Protección civil. Servicios de Telecomunicaciones,,135,2,1000,0,1000,0
,,,,,,,,,,,
,135,22406,Protección civil. Seguros protección civil,Protección civil. Seguros protección civil,,135,2,8200.52,0,8200.52,2458.69
,,,,,,,,,,,
,135,22699,Protección civil. Otros gastos diversos,Protección civil. Otros gastos diversos,,135,2,3000,0,3000,4260.19
,,,,,,,,,,,
,135,22707,Protección civil. Formación protección civil,Protección civil. Formación protección civil,,135,2,5000,0,5000,2160
,,,,,,,,,,,
,135,62304,"Protección civil. Maquinaria, instalaciones técnicas y utillaje","Protección civil. Maquinaria, instalaciones técnicas y utillaje",,135,62304,11500,4800,16300,15546.54
,,,,,,,,,,,
,135,62306,Protección civil. Utillaje Seguridad Ciudadana,Protección civil. Utillaje Seguridad Ciudadana,,135,62306,6800,0,6800,0
,,,,,,,,,,,
,135,62402,Protección civil. Elementos de transporte,Protección civil. Elementos de transporte,,135,62402,39000,0,39000,34431.76
,,,,,,,,,,,
,135,62508,"Protección civil. Mobilliario, Enseres y Equipamiento","Protección civil. Mobilliario, Enseres y Equipamiento",,135,62508,4800,-4800,0,0
,,,,,,,,,,,
,135,62605,Protección civil. Adquisición de  Equipos Informaticos,Protección civil. Adquisición de  Equipos Informaticos,,135,62605,1000,0,1000,0
,,,,,,,,,,,
,136,22501,Servicio de prevención y extinción de incendios. Tributos de las Comunidades Autónomas,Servicio de prevención y extinción de incendios. Tributos de las Comunidades Autónomas,,136,22501,831050,0,831050,392525.07
,,,,,,,,,,,
,151,12000,Urbanismo. Sueldos del Grupo A1,Urbanismo. Sueldos del Grupo A1,,151,1,31053.4,0,31053.4,27099.57
,,,,,,,,,,,
,151,12001,Urbanismo. Sueldos del Grupo A2,Urbanismo. Sueldos del Grupo A2,,151,1,53702.88,0,53702.88,44930.87
,,,,,,,,,,,
,151,12003,Urbanismo. Sueldos del Grupo C1,Urbanismo. Sueldos del Grupo C1,,151,1,70561.96,0,70561.96,64370.57
,,,,,,,,,,,
,151,12004,Urbanismo. Sueldos del Grupo C2,Urbanismo. Sueldos del Grupo C2,,151,1,33558,0,33558,36465.01
,,,,,,,,,,,
,151,12006,Urbanismo. Trienios,Urbanismo. Trienios,,151,1,27203.06,0,27203.06,32696.98
,,,,,,,,,,,
,151,12100,Urbanismo. Complemento de destino,Urbanismo. Complemento de destino,,151,1,116297.58,0,116297.58,108527.3
,,,,,,,,,,,
,151,12101,Urbanismo. Complemento específico,Urbanismo. Complemento específico,,151,1,221302.66,0,221302.66,229787.38
,,,,,,,,,,,
,151,13000,Urbanismo. Salario Base,Urbanismo. Salario Base,,151,1,7678.58,0,7678.58,7678.58
,,,,,,,,,,,
,151,13002,Urbanismo. Otras remuneraciones,Urbanismo. Otras remuneraciones,,151,1,10148.74,0,10148.74,11007.31
,,,,,,,,,,,
,151,13006,Urbanismo. Trienios,Urbanismo. Trienios,,151,1,754.32,0,754.32,754.32
,,,,,,,,,,,
,151,13100,Urbanismo. Salario Base,Urbanismo. Salario Base,,151,1,7678.58,0,7678.58,7678.58
,,,,,,,,,,,
,151,13102,Urbanismo. Otras Remuneraciones,Urbanismo. Otras Remuneraciones,,151,1,9361.94,0,9361.94,9361.94
,,,,,,,,,,,
,151,13106,Urbanismo. Trienios,Urbanismo. Trienios,,151,1,565.74,0,565.74,565.74
,,,,,,,,,,,
,151,21300,Urbanismo: Mantenimiento equipos de transmisión (sonómetro),Urbanismo: Mantenimiento equipos de transmisión (sonómetro),,151,2,500,0,500,532.4
,,,,,,,,,,,
,151,21303,Urbanismo. Mantenimiento aparatos elevadores,Urbanismo. Mantenimiento aparatos elevadores,,151,2,813.35,0,813.35,794.69
,,,,,,,,,,,
,151,21400,Urbanismo. Mantenimiento y reparación de vehículos,Urbanismo. Mantenimiento y reparación de vehículos,,151,2,2000,0,2000,0
,,,,,,,,,,,
,151,21600,Urbanismo: Mantenimiento equipos para procesos de información,Urbanismo: Mantenimiento equipos para procesos de información,,151,2,2000,0,2000,0
,,,,,,,,,,,
,151,22001,"Urbanismo:a..Prensa, revistas, libros y otras publicaciones","Urbanismo:a..Prensa, revistas, libros y otras publicaciones",,151,2,0,0,0,1894.3
,,,,,,,,,,,
,151,22100,Urbanismo. Energía eléctrica,Urbanismo. Energía eléctrica,,151,2,20000,0,20000,19132.23
,,,,,,,,,,,
,151,22101,Urbanismo. Agua,Urbanismo. Agua,,151,2,100,0,100,1231.94
,,,,,,,,,,,
,151,22199,Urbanismo. Otros suministros,Urbanismo. Otros suministros,,151,2,500,0,500,721.37
,,,,,,,,,,,
,151,22400,Urbanismo. Primas de seguros,Urbanismo. Primas de seguros,,151,2,3200,0,3200,5663.9
,,,,,,,,,,,
,151,22401,Urbanismo. Primes de seguros de vehículos,Urbanismo. Primes de seguros de vehículos,,151,2,700,0,700,562.31
,,,,,,,,,,,
,151,22604,"Urbanismo: planeamiento, gestión, ejecución y disciplina urbanística..Jurídicos, contenciosos","Urbanismo: planeamiento, gestión, ejecución y disciplina urbanística..Jurídicos, contenciosos",,151,2,0,0,0,3771.57
,,,,,,,,,,,
,151,22699,Urbanismo. Otros gastos diversos,Urbanismo. Otros gastos diversos,,151,2,3000,0,3000,2300.2
,,,,,,,,,,,
,151,22713,Urbanismo. Control de calidad,Urbanismo. Control de calidad,,151,2,3000,0,3000,0
,,,,,,,,,,,
,151,22715,Urbanismo: Limpieza en edificios,Urbanismo: Limpieza en edificios,,151,2,30207.29,332.75,30540.04,13408.07
,,,,,,,,,,,
,151,22716,Urbanismo:..Servicio de mensajería,Urbanismo:..Servicio de mensajería,,151,2,0,0,0,219.76
,,,,,,,,,,,
,151,23101,Urbanismo:  Locomoción del personal,Urbanismo:  Locomoción del personal,,151,2,700,0,700,482.24
,,,,,,,,,,,
,151,45100,"Urbanismo: planeamiento, gestión, ejecución y disciplina urbanística..IRIS. En cumplimiento de convenio suscrito en materia de realojo Río Guadarrama-","Urbanismo: planeamiento, gestión, ejecución y disciplina urbanística..IRIS. En cumplimiento de convenio suscrito en materia de realojo Río Guadarrama-",,,,0,4000000,4000000,0
,,,,,,,,,,,
,151,68100,Urbanismo: Adecuación y limpieza de parcelas,Urbanismo: Adecuación y limpieza de parcelas,,151,68100,60000,39848.15,99848.15,62273.82
,,,,,,,,,,,
,160,22723,Alcantarillado.Limpieza alcantarillado,Alcantarillado.Limpieza alcantarillado,,160,2,4000,0,4000,3645.52
,,,,,,,,,,,
,1621,22727,Recogida de residuos.Recogida de residuos,Recogida de residuos.Recogida de residuos,,1621,2,1397672.58,0,1397672.58,1303134.72
,,,,,,,,,,,
,1622,22736,Gestión de residuos sólidos urbanos.Mantenimiento punto limpio,Gestión de residuos sólidos urbanos.Mantenimiento punto limpio,,1622,2,83420.87,-1213.75,82207.12,81998.4
,,,,,,,,,,,
,1623,22502,Tratamiento de residuos.Tributos de las Entidades locales,Tratamiento de residuos.Tributos de las Entidades locales,,1623,2,114000,1213.75,115213.75,115213.75
,,,,,,,,,,,
,163,22726,Limpieza viaria. Limpieza Viaria,Limpieza viaria. Limpieza Viaria,,163,2,1608624.1,0,1608624.1,1505308.92
,,,,,,,,,,,
,164,22718,Cementerio y servicios funerarios.Enterramientos,Cementerio y servicios funerarios.Enterramientos,,164,2,5000,0,5000,2418.66
,,,,,,,,,,,
,165,22112,"Alumbrado público.Suministros de material electrónico, eléctrico y de telecomunicaciones","Alumbrado público.Suministros de material electrónico, eléctrico y de telecomunicaciones",,165,2,10000,0,10000,50320.19
,,,,,,,,,,,
,165,22717,Alumbrado público.Mantenimiento instalacciones eléctricas,Alumbrado público.Mantenimiento instalacciones eléctricas,,165,2,155175.1,9017.63,164192.73,123277.63
,,,,,,,,,,,
,171,21100,Parques y jardines. Mantenimiento de jardines por Ayto.,Parques y jardines. Mantenimiento de jardines por Ayto.,,171,2,2310623.1,0,2310623.1,2276485.83
,,,,,,,,,,,
,171,21101,Parques y jardines. Mantennimiento jardines (encomienda Emuvisa),Parques y jardines. Mantennimiento jardines (encomienda Emuvisa),,171,2,481235.15,-9017.63,472217.52,408384.11
,,,,,,,,,,,
,171,21608,Parques y jardines. Gestión de Incidencias en el Equipamiento Urbano,Parques y jardines. Gestión de Incidencias en el Equipamiento Urbano,,171,2,3500,0,3500,0
,,,,,,,,,,,
,221,16000,Otras prestaciones económicas a favor de empleados. Seguridad Social,Otras prestaciones económicas a favor de empleados. Seguridad Social,,221,1,2114241.47,56171.2,2170412.67,2037015.76
,,,,,,,,,,,
,221,16108,Otras prestaciones económicas a favor de empleados..Indemnizaciones al personal por años de servicio en El Ayuntamiento,Otras prestaciones económicas a favor de empleados..Indemnizaciones al personal por años de servicio en El Ayuntamiento,,221,1,0,0,0,7800
,,,,,,,,,,,
,221,16200,Otras prestaciones económicas a favor de empleados. Formación y perfeccionamiento del personal,Otras prestaciones económicas a favor de empleados. Formación y perfeccionamiento del personal,,221,1,76699.1,0,76699.1,13182.72
,,,,,,,,,,,
,221,16203,Otras prestaciones económicas a favor de empleados. Ayuda de estudios,Otras prestaciones económicas a favor de empleados. Ayuda de estudios,,221,1,63915.92,0,63915.92,8255.2
,,,,,,,,,,,
,221,16204,Otras prestaciones económicas a favor de empleados. Acción social,Otras prestaciones económicas a favor de empleados. Acción social,,221,1,255663.67,0,255663.67,19374.36
,,,,,,,,,,,
,221,16206,Otras prestaciones económicas a favor de empleados. Prevención de riesgos laborales,Otras prestaciones económicas a favor de empleados. Prevención de riesgos laborales,,221,1,51350,0,51350,39389.19
,,,,,,,,,,,
,221,16207,Otras prestaciones económicas a favor de empleados. Reconocimientos y analíticas,Otras prestaciones económicas a favor de empleados. Reconocimientos y analíticas,,221,1,6500,0,6500,8561.1
,,,,,,,,,,,
,231,13100,Asistencia social primaria. Salario Base,Asistencia social primaria. Salario Base,,231,1,69229.58,0,69229.58,58025.17
,,,,,,,,,,,
,231,13102,Asistencia social primaria. Otras Remuneraciones,Asistencia social primaria. Otras Remuneraciones,,231,1,113273.44,0,113273.44,101701.13
,,,,,,,,,,,
,231,13106,Asistencia social primaria. Trienios,Asistencia social primaria. Trienios,,231,1,8866.52,0,8866.52,8084.44
,,,,,,,,,,,
,231,22636,Asistencia social primaria. Otros servicios de Bienestar Social,Asistencia social primaria. Otros servicios de Bienestar Social,,231,2,2200,0,2200,0
,,,,,,,,,,,
,231,22715,Asistencia social primaria. Limpieza en edificios,Asistencia social primaria. Limpieza en edificios,,231,2,3822.66,0,3822.66,1358.47
,,,,,,,,,,,
,231,22757,Asistencia social primaria. Programa de Atención Domiciliaria,Asistencia social primaria. Programa de Atención Domiciliaria,,231,2,36677.46,13783.22,50460.68,31229.6
,,,,,,,,,,,
,231,22758,Asistencia social primaria. Programa de Promoción de la Autonomía,Asistencia social primaria. Programa de Promoción de la Autonomía,,231,2,16074.54,0,16074.54,5626.09
,,,,,,,,,,,
,231,22759,Asistencia social primaria. Programa de Emergencia Social,Asistencia social primaria. Programa de Emergencia Social,,231,2,28945,0,28945,45393
,,,,,,,,,,,
,231,22760,Asistencia social primaria. Programa de Prevención  e Inserción Social,Asistencia social primaria. Programa de Prevención  e Inserción Social,,231,2,16074,0,16074,7267.2
,,,,,,,,,,,
,231,22761,Asistencia social primaria. Programa de Atención al Menor,Asistencia social primaria. Programa de Atención al Menor,,231,2,28130.48,0,28130.48,19867.12
,,,,,,,,,,,
,231,22762,Asistencia social primaria. Programa de Teleasistencia,Asistencia social primaria. Programa de Teleasistencia,,231,2,1464.12,0,1464.12,1051.63
,,,,,,,,,,,
,231,23101,Asistencia social primaria..Locomoción del personal,Asistencia social primaria..Locomoción del personal,,231,2,0,0,0,56.51
,,,,,,,,,,,
,231,48000,Asistencia social primaria. Subvención Fundación AMAS SOCIAL,Asistencia social primaria. Subvención Fundación AMAS SOCIAL,,231,48000,1500,0,1500,1500
,,,,,,,,,,,
,231,48099,Asistencia social primaria. Otras subvenciones,Asistencia social primaria. Otras subvenciones,,231,48099,3700,0,3700,200
,,,,,,,,,,,
,241,11000,Fomento del empleo. Retribuciones básicas,Fomento del empleo. Retribuciones básicas,,241,1,28480.8,0,28480.8,28532.9
,,,,,,,,,,,
,241,12003,Fomento del empleo. Sueldos del Grupo C1,Fomento del empleo. Sueldos del Grupo C1,,241,1,10080.28,0,10080.28,9884.84
,,,,,,,,,,,
,241,12004,Fomento del empleo. Sueldos del Grupo C2,Fomento del empleo. Sueldos del Grupo C2,,241,1,16779,0,16779,16064.47
,,,,,,,,,,,
,241,12006,Fomento del empleo. Trienios,Fomento del empleo. Trienios,,241,1,3518.32,0,3518.32,3830.01
,,,,,,,,,,,
,241,12100,Fomento del empleo. Complemento de destino,Fomento del empleo. Complemento de destino,,241,1,14067.34,0,14067.34,15803.38
,,,,,,,,,,,
,241,12101,Fomento del empleo. Complemento específico,Fomento del empleo. Complemento específico,,241,1,28562.08,0,28562.08,28295.14
,,,,,,,,,,,
,241,13100,Fomento del empleo. Salario Base,Fomento del empleo. Salario Base,,241,1,26851.44,0,26851.44,23351.64
,,,,,,,,,,,
,241,13102,Fomento del empleo. Otras Remuneraciones,Fomento del empleo. Otras Remuneraciones,,241,1,31178.93,0,31178.93,29641.02
,,,,,,,,,,,
,241,13106,Fomento del empleo. Trienios,Fomento del empleo. Trienios,,241,1,3589.82,0,3589.82,4794.89
,,,,,,,,,,,
,241,14303,Fomento del empleo..Profesorado  Escuela- Taller,Fomento del empleo..Profesorado  Escuela- Taller,,241,1,0,0,0,1877.76
,,,,,,,,,,,
,241,14307,Fomento del empleo..Profesorado Cursos de Formacion para el Empleo,Fomento del empleo..Profesorado Cursos de Formacion para el Empleo,,241,1,0,17000,17000,18031.96
,,,,,,,,,,,
,241,14309,Fomento del empleo..Personal  Insercción Laboral,Fomento del empleo..Personal  Insercción Laboral,,241,1,0,1448015.4,1448015.4,1262103.37
,,,,,,,,,,,
,241,15000,Fomento del empleo. Productividad,Fomento del empleo. Productividad,,241,15,2000,0,2000,0
,,,,,,,,,,,
,241,15100,Fomento del empleo. Gratificaciones,Fomento del empleo. Gratificaciones,,241,15,5500,0,5500,4597.66
,,,,,,,,,,,
,241,20601,Fomento del empleo..Alquiler equipos para procesos información fotocopiadoras,Fomento del empleo..Alquiler equipos para procesos información fotocopiadoras,,241,2,0,0,0,341.16
,,,,,,,,,,,
,241,21301,"Fomento del empleo. Mantenimiento, maquinaria, instalacciones y utillaje","Fomento del empleo. Mantenimiento, maquinaria, instalacciones y utillaje",,241,2,3000,0,3000,566.28
,,,,,,,,,,,
,241,21303,Fomento del empleo. Mantenimiento aparatos elevadores,Fomento del empleo. Mantenimiento aparatos elevadores,,241,2,591.31,0,591.31,284.64
,,,,,,,,,,,
,241,22100,Fomento del empleo. Energía eléctrica,Fomento del empleo. Energía eléctrica,,241,2,6000,0,6000,0
,,,,,,,,,,,
,241,22101,Fomento del empleo..Agua,Fomento del empleo..Agua,,241,2,500,0,500,0
,,,,,,,,,,,
,241,22106,Fomento del empleo. Productos farmacéuticos y material sanitario,Fomento del empleo. Productos farmacéuticos y material sanitario,,241,2,300,0,300,0
,,,,,,,,,,,
,241,22126,Fomento del empleo..Suministros Cursos de Formación para el Empleo,Fomento del empleo..Suministros Cursos de Formación para el Empleo,,241,2,6000,25978.5,31978.5,11694.41
,,,,,,,,,,,
,241,22199,Fomento del empleo. Otros suministros,Fomento del empleo. Otros suministros,,241,2,500,0,500,0
,,,,,,,,,,,
,241,22402,Fomento del empleo. Primas de seguros empleo,Fomento del empleo. Primas de seguros empleo,,241,2,3200,0,3200,0
,,,,,,,,,,,
,241,22408,Fomento del empleo..Seguros para Cursos de Formación para el Empleo,Fomento del empleo..Seguros para Cursos de Formación para el Empleo,,241,2,0,400,400,437.27
,,,,,,,,,,,
,241,22601,Fomento del empleo..Atenciones protocolarias y representativas,Fomento del empleo..Atenciones protocolarias y representativas,,241,2,0,0,0,400
,,,,,,,,,,,
,241,22602,Fomento del empleo. Publicidad y propaganda,Fomento del empleo. Publicidad y propaganda,,241,2,1000,1000,2000,2666.29
,,,,,,,,,,,
,241,22607,Fomento del empleo. Oposiciones y pruebas selectivas,Fomento del empleo. Oposiciones y pruebas selectivas,,241,2,1500,0,1500,0
,,,,,,,,,,,
,241,22630,Fomento del empleo. Promoción del Empleo,Fomento del empleo. Promoción del Empleo,,241,2,20000,0,20000,0
,,,,,,,,,,,
,241,22646,Fomento del empleo..Otros gastos Cursos de Formación para el Empleo,Fomento del empleo..Otros gastos Cursos de Formación para el Empleo,,241,2,12000,12400,24400,0
,,,,,,,,,,,
,241,22650,Fomento del empleo. Formacion personal trabajadores temporales de colaboracion social,Fomento del empleo. Formacion personal trabajadores temporales de colaboracion social,,241,2,4000,0,4000,0
,,,,,,,,,,,
,241,22699,Fomento del empleo. Otros gastos diversos,Fomento del empleo. Otros gastos diversos,,241,2,2000,0,2000,600.49
,,,,,,,,,,,
,241,22715,Fomento del empleo. Limpieza en edificios,Fomento del empleo. Limpieza en edificios,,241,2,12119.58,0,12119.58,11038.4
,,,,,,,,,,,
,241,22729,Fomento del empleo..Transporte actividades,Fomento del empleo..Transporte actividades,,241,2,0,0,0,24829.42
,,,,,,,,,,,
,241,22742,Fomento del empleo..Formación,Fomento del empleo..Formación,,241,2,0,356400,356400,287396.4
,,,,,,,,,,,
,241,23101,Fomento del empleo. Locomoción del personal,Fomento del empleo. Locomoción del personal,,241,2,300,0,300,59.88
,,,,,,,,,,,
,241,62300,Fomento del empleo. Destructoras de papel,Fomento del empleo. Destructoras de papel,,241,62300,660,0,660,0
,,,,,,,,,,,
,311,22400,Protección de la salubridad pública. Primas de seguros,Protección de la salubridad pública. Primas de seguros,,311,2,2500,0,2500,2308.15
,,,,,,,,,,,
,311,22606,"Protección de la salubridad pública Reuniones, conferencias y cursos","Protección de la salubridad pública Reuniones, conferencias y cursos",,311,2,500,0,500,0
,,,,,,,,,,,
,311,22699,Protección de la salubridad pública. Otros gastos diversos,Protección de la salubridad pública. Otros gastos diversos,,311,2,1000,0,1000,350.9
,,,,,,,,,,,
,311,22711,Protección de la salubridad pública. Recogida y control de animales,Protección de la salubridad pública. Recogida y control de animales,,311,2,33335.52,0,33335.52,31590.88
,,,,,,,,,,,
,311,22712,Protección de la salubridad pública Controles higiénico sanitarios,Protección de la salubridad pública Controles higiénico sanitarios,,311,2,2500,0,2500,1690.73
,,,,,,,,,,,
,311,22725,Protección de la salubridad pública.Desinfección desratización y palomas,Protección de la salubridad pública.Desinfección desratización y palomas,,311,2,19000,0,19000,16939.98
,,,,,,,,,,,
,320,12004,Educación. Sueldos del Grupo C2,Educación. Sueldos del Grupo C2,,320,1,16779,0,16779,16757.16
,,,,,,,,,,,
,320,12006,Educación. Trienios,Educación. Trienios,,320,1,1718.4,0,1718.4,1715.85
,,,,,,,,,,,
,320,12100,Educación. Complemento de destino,Educación. Complemento de destino,,320,1,9169.16,0,9169.16,9169.16
,,,,,,,,,,,
,320,12101,Educación. Complemento específico,Educación. Complemento específico,,320,1,17184.16,0,17184.16,17184.16
,,,,,,,,,,,
,320,13000,Educación. Salario Base,Educación. Salario Base,,320,1,7678.58,0,7678.58,9701.47
,,,,,,,,,,,
,320,13002,Educación. Otras remuneraciones,Educación. Otras remuneraciones,,320,1,13867.98,0,13867.98,15229.28
,,,,,,,,,,,
,320,13006,Educación. Trienios,Educación. Trienios,,320,1,1665.76,0,1665.76,1815.71
,,,,,,,,,,,
,320,13100,Educación. Salario Base,Educación. Salario Base,,320,1,80915.52,0,80915.52,75336.73
,,,,,,,,,,,
,320,13106,Educación. Trienios,Educación. Trienios,,320,1,3694.46,0,3694.46,5638.98
,,,,,,,,,,,
,320,15000,Educación..Productividad,Educación..Productividad,,320,15,1610.2,0,1610.2,1449.18
,,,,,,,,,,,
,320,15100,Educación. Gratificaciones,Educación. Gratificaciones,,320,15,966.12,0,966.12,978.19
,,,,,,,,,,,
,320,21206,Educación..Reparación e instalación en colegios,Educación..Reparación e instalación en colegios,,320,2,25000,-13431,11569,11946.82
,,,,,,,,,,,
,320,21301,"Educación. Mant. maquinaria, instal. y utillaje","Educación. Mant. maquinaria, instal. y utillaje",,320,2,8000,0,8000,2981.97
,,,,,,,,,,,
,320,21303,Educación. Mant. aparatos elevadores,Educación. Mant. aparatos elevadores,,320,2,4314.48,0,4314.48,4215.57
,,,,,,,,,,,
,320,22000,Educación. Ordinario no inventariable,Educación. Ordinario no inventariable,,320,2,500,0,500,0
,,,,,,,,,,,
,320,22002,"Educación. Material, informático no inventariable","Educación. Material, informático no inventariable",,320,2,700,0,700,0
,,,,,,,,,,,
,320,22100,Educación. Energía eléctrica,Educación. Energía eléctrica,,320,2,136500,0,136500,118758.24
,,,,,,,,,,,
,320,22101,Educación. Agua,Educación. Agua,,320,2,25000,0,25000,25918.76
,,,,,,,,,,,
,320,22103,Educación. Combustibles y carburantes,Educación. Combustibles y carburantes,,320,2,125000,0,125000,61366.45
,,,,,,,,,,,
,320,22199,Educación. Otros suministros,Educación. Otros suministros,,320,2,12000,0,12000,3513.36
,,,,,,,,,,,
,320,22400,Educación. Primas de seguros,Educación. Primas de seguros,,320,2,31500,0,31500,27139.26
,,,,,,,,,,,
,320,22611,Educación. Taller de cultura enseñanza,Educación. Taller de cultura enseñanza,,320,2,16200,0,16200,10260
,,,,,,,,,,,
,320,22639,Educación. Campañas Escolares,Educación. Campañas Escolares,,320,2,5000,0,5000,0
,,,,,,,,,,,
,320,22655,Educación..Comedor Social en los colegios,Educación..Comedor Social en los colegios,,320,2,0,20000,20000,0
,,,,,,,,,,,
,320,22699,Educación. Otros gastos diversos,Educación. Otros gastos diversos,,320,2,6000,-1873.32,4126.68,4425.03
,,,,,,,,,,,
,320,22715,Educación. Limpieza en edificios,Educación. Limpieza en edificios,,320,2,325000,1863.4,326863.4,298488.96
,,,,,,,,,,,
,320,23101,Educación..Locomoción del personal,Educación..Locomoción del personal,,320,2,0,0,0,15.43
,,,,,,,,,,,
,320,48001,Educación. AMPA IES Secundaria,Educación. AMPA IES Secundaria,,320,48001,7500,0,7500,7411.89
,,,,,,,,,,,
,320,48002,Educación. AMPA Colegio público Las Castañeras,Educación. AMPA Colegio público Las Castañeras,,320,48002,7500,110.12,7610.12,7570.69
,,,,,,,,,,,
,320,48003,Educación. Plan Local Mejora y Extensión Servicios Educativos,Educación. Plan Local Mejora y Extensión Servicios Educativos,,320,48003,40882,0,40882,37577.68
,,,,,,,,,,,
,320,48004,Educación. AMPA Colegio público Fco. de Orellana,Educación. AMPA Colegio público Fco. de Orellana,,320,48004,7500,0,7500,7000.06
,,,,,,,,,,,
,320,48005,Educación. AMPA Colegio público Legazpi,Educación. AMPA Colegio público Legazpi,,320,48005,7500,0,7500,6457
,,,,,,,,,,,
,320,48006,Educación. AMPA Colegio público el Torreón,Educación. AMPA Colegio público el Torreón,,320,48006,7500,0,7500,7500
,,,,,,,,,,,
,320,48017,Educación..AMPA Colegio Los Arenales,Educación..AMPA Colegio Los Arenales,,320,48017,7500,0,7500,4800.87
,,,,,,,,,,,
,320,48019,Educación. AMPA IES  Gonzalo Chacon,Educación. AMPA IES  Gonzalo Chacon,,320,48019,7500,0,7500,4643.33
,,,,,,,,,,,
,320,48021,Educación. AMPA Colegio Pasteur,Educación. AMPA Colegio Pasteur,,320,48021,7500,0,7500,7500
,,,,,,,,,,,
,320,48024,Educación. Subvención  Asociación Scoutt,Educación. Subvención  Asociación Scoutt,,320,48024,2000,0,2000,2000
,,,,,,,,,,,
,320,48025,Educación. Subvenciones  ayudas a comedor,Educación. Subvenciones  ayudas a comedor,,320,48025,20000,-20000,0,0
,,,,,,,,,,,
,320,48026,Educación. Subvenciones Ayudas para Libros,Educación. Subvenciones Ayudas para Libros,,320,48026,20000,0,20000,0
,,,,,,,,,,,
,320,48101,Educación..Premios concursos y certámenes escolares,Educación..Premios concursos y certámenes escolares,,320,48101,1500,0,1500,1139.37
,,,,,,,,,,,
,320,61100,Educación. Reparación e instalación en colegios,Educación. Reparación e instalación en colegios,,320,61100,30000,-6212.93,23787.07,11457.9
,,,,,,,,,,,
,320,61101,Educación..Reparación Colegio Legazpi,Educación..Reparación Colegio Legazpi,,,,0,13431,13431,13431
,,,,,,,,,,,
,320,62302,Educación. Instalación aire acondicionado CAI,Educación. Instalación aire acondicionado CAI,,320,62302,4000,6212.93,10212.93,10212.93
,,,,,,,,,,,
,320,62311,Educación. Instalación alarmas,Educación. Instalación alarmas,,320,62311,11000,0,11000,10199.3
,,,,,,,,,,,
,330,11000,Cultura. Retribuciones básicas,Cultura. Retribuciones básicas,,330,1,28480.8,0,28480.8,28532.9
,,,,,,,,,,,
,330,12004,Cultura. Sueldos del Grupo C2,Cultura. Sueldos del Grupo C2,,330,1,8389.5,0,8389.5,7819.72
,,,,,,,,,,,
,330,12006,Cultura. Trienios,Cultura. Trienios,,330,1,2476.28,0,2476.28,5138.72
,,,,,,,,,,,
,330,12100,Cultura. Complemento de destino,Cultura. Complemento de destino,,330,1,4270.14,0,4270.14,3985.38
,,,,,,,,,,,
,330,12101,Cultura. Complemento específico,Cultura. Complemento específico,,330,1,9661.96,0,9661.96,9558.07
,,,,,,,,,,,
,330,13000,Cultura. Salario Base,Cultura. Salario Base,,330,1,32136.16,0,32136.16,29690.9
,,,,,,,,,,,
,330,13002,Cultura. Otras remuneraciones,Cultura. Otras remuneraciones,,330,1,45085.77,0,45085.77,42747.43
,,,,,,,,,,,
,330,13006,Cultura. Trienios,Cultura. Trienios,,330,1,2899.64,0,2899.64,3091.68
,,,,,,,,,,,
,330,13100,Cultura. Salario Base,Cultura. Salario Base,,330,1,22059.8,0,22059.8,23585.05
,,,,,,,,,,,
,330,13102,Cultura. Otras Remuneraciones,Cultura. Otras Remuneraciones,,330,1,33670.26,0,33670.26,35451.65
,,,,,,,,,,,
,330,13106,Cultura. Trienios,Cultura. Trienios,,330,1,2676.7,0,2676.7,2147.95
,,,,,,,,,,,
,330,20300,"Cultura. Arrend.de maquinaria, instal.y utillaje","Cultura. Arrend.de maquinaria, instal.y utillaje",,330,2,600,0,600,1166.8
,,,,,,,,,,,
,330,20500,"Cultura Alquiler, mobiliario y enseres","Cultura Alquiler, mobiliario y enseres",,330,2,0,0,0,375.1
,,,,,,,,,,,
,330,20608,Cultura. Arrendamiento Sistema Venta de Entradas,Cultura. Arrendamiento Sistema Venta de Entradas,,330,2,1027,0,1027,578.62
,,,,,,,,,,,
,330,21301,"Cultura. Mant. maquinaria, instal. y utillaje","Cultura. Mant. maquinaria, instal. y utillaje",,330,2,8000,0,8000,7494.03
,,,,,,,,,,,
,330,21303,Cultura. Mant. aparatos elevadores,Cultura. Mant. aparatos elevadores,,330,2,6687.32,0,6687.32,6533.87
,,,,,,,,,,,
,330,21600,Cultura. Mant. equipos para procesos de información,Cultura. Mant. equipos para procesos de información,,330,2,4000,0,4000,0
,,,,,,,,,,,
,330,22001,"Cultura. Prensa, revistas, libros y otras publicaciones","Cultura. Prensa, revistas, libros y otras publicaciones",,330,2,0,0,0,182.56
,,,,,,,,,,,
,330,22100,Cultura. Energía eléctrica,Cultura. Energía eléctrica,,330,2,170000,0,170000,108940.34
,,,,,,,,,,,
,330,22101,Cultura. Agua,Cultura. Agua,,330,2,6500,0,6500,6318.54
,,,,,,,,,,,
,330,22103,Cultura. Combustibles y carburantes,Cultura. Combustibles y carburantes,,330,2,60000,0,60000,14157.59
,,,,,,,,,,,
,330,22104,Cultura Vestuario,Cultura Vestuario,,330,2,2000,0,2000,455.74
,,,,,,,,,,,
,330,22199,Cultura. Otros suministros,Cultura. Otros suministros,,330,2,7000,0,7000,1951.57
,,,,,,,,,,,
,330,22400,Cultura. Primas de seguros,Cultura. Primas de seguros,,330,2,5000,0,5000,3376.79
,,,,,,,,,,,
,330,22602,Cultura. Publicidad y propaganda,Cultura. Publicidad y propaganda,,330,2,6075.7,613.3,6689,6109.51
,,,,,,,,,,,
,330,22609,Cultura. Actividades culturales,Cultura. Actividades culturales,,330,2,120000,0,120000,143716.39
,,,,,,,,,,,
,330,22611,Cultura. Taller de cultura enseñanza,Cultura. Taller de cultura enseñanza,,330,2,60000,0,60000,29786.18
,,,,,,,,,,,
,330,22644,Cultura.SGAE Actuaciones Culturales,Cultura.SGAE Actuaciones Culturales,,330,2,6000,0,6000,3876.83
,,,,,,,,,,,
,330,22699,Cultura. Otros gastos diversos,Cultura. Otros gastos diversos,,330,2,14000,0,14000,5975.15
,,,,,,,,,,,
,330,22715,Cultura. Limpieza en edificios,Cultura. Limpieza en edificios,,330,2,47319.42,0,47319.42,44409.98
,,,,,,,,,,,
,330,22728,Cultura. Escuela de Música,Cultura. Escuela de Música,,330,2,176417.14,0,176417.14,136303.69
,,,,,,,,,,,
,330,22749,Cultura.Catalogación libros de la Biblioteca,Cultura.Catalogación libros de la Biblioteca,,330,2,15200,0,15200,0
,,,,,,,,,,,
,330,23101,Cultura Locomoción del personal,Cultura Locomoción del personal,,330,2,500,0,500,0
,,,,,,,,,,,
,330,48007,Cultura. Subvención taller de teatro,Cultura. Subvención taller de teatro,,330,48007,1500,0,1500,1323.16
,,,,,,,,,,,
,330,48008,Cultura. Subvención Coral arroyomolinos,Cultura. Subvención Coral arroyomolinos,,330,48008,7000,0,7000,5312.64
,,,,,,,,,,,
,330,62303,Cultura. Mesa controladora de luces,Cultura. Mesa controladora de luces,,330,62303,5000,0,5000,2904
,,,,,,,,,,,
,330,62304,"Cultura..Maquinaria, instalaciones técnicas y utillaje","Cultura..Maquinaria, instalaciones técnicas y utillaje",,330,62304,0,2625,2625,2621.47
,,,,,,,,,,,
,330,62500,Cultura. Mobiliario,Cultura. Mobiliario,,330,62500,2000,600,2600,2439.2
,,,,,,,,,,,
,330,63301,Cultura. Reposición focos y luces Auditorio Municipal,Cultura. Reposición focos y luces Auditorio Municipal,,330,63301,8000,510,8510,8000
,,,,,,,,,,,
,330,63303,Cultura. Reparación solado escenario y telón de fondo Auditorio Municipal,Cultura. Reparación solado escenario y telón de fondo Auditorio Municipal,,330,63303,10000,-3735,6265,6250.86
,,,,,,,,,,,
,3321,12001,Bibliotecas públicas Sueldos del Grupo A2,Bibliotecas públicas Sueldos del Grupo A2,,3321,1,13425.72,0,13425.72,12906.52
,,,,,,,,,,,
,3321,12003,Bibliotecas públicas Sueldos del Grupo C1,Bibliotecas públicas Sueldos del Grupo C1,,3321,1,20160.56,0,20160.56,16884.74
,,,,,,,,,,,
,3321,12004,Bibliotecas públicas Sueldos del Grupo C2,Bibliotecas públicas Sueldos del Grupo C2,,3321,1,8389.5,0,8389.5,8378.58
,,,,,,,,,,,
,3321,12006,Bibliotecas públicas Trienios,Bibliotecas públicas Trienios,,3321,1,5764.08,0,5764.08,5440.98
,,,,,,,,,,,
,3321,12100,Bibliotecas públicas Complemento de destino,Bibliotecas públicas Complemento de destino,,3321,1,25099.06,0,25099.06,23502.36
,,,,,,,,,,,
,3321,12101,Bibliotecas públicas Complemento específico,Bibliotecas públicas Complemento específico,,3321,1,44090.62,0,44090.62,42549.7
,,,,,,,,,,,
,3321,13100,Bibliotecas públicas Salario Base,Bibliotecas públicas Salario Base,,3321,1,8389.5,0,8389.5,12329.65
,,,,,,,,,,,
,3321,13102,Bibliotecas públicas Otras Remuneraciones,Bibliotecas públicas Otras Remuneraciones,,3321,1,12862.22,0,12862.22,15238.99
,,,,,,,,,,,
,3321,21602,Bibliotecas públicas Mantenimiento Sistema integrado Biblioteca,Bibliotecas públicas Mantenimiento Sistema integrado Biblioteca,,3321,2,8000,0,8000,6218.55
,,,,,,,,,,,
,3321,22000,Bibliotecas públicas Ordinario no inventariable,Bibliotecas públicas Ordinario no inventariable,,3321,2,3000,0,3000,0
,,,,,,,,,,,
,3321,22001,"Bibliotecas públicas Prensa, revistas, libros y otras publicaciones","Bibliotecas públicas Prensa, revistas, libros y otras publicaciones",,3321,2,15000,0,15000,14849.3
,,,,,,,,,,,
,3321,23101,Bibliotecas públicas.Locomoción del personal,Bibliotecas públicas.Locomoción del personal,,3321,2,0,0,0,158.17
,,,,,,,,,,,
,3321,62500,Bibliotecas públicas Mobiliario,Bibliotecas públicas Mobiliario,,3321,62500,2000,1682.09,3682.09,1939.63
,,,,,,,,,,,
,3321,62605,Bibliotecas públicas Adquisición de  Equipos Informaticos,Bibliotecas públicas Adquisición de  Equipos Informaticos,,3321,62605,6000,1937.58,7937.58,2380.07
,,,,,,,,,,,
,3322,12003,Archivos. Sueldos del Grupo C1,Archivos. Sueldos del Grupo C1,,3322,1,10080.28,0,10080.28,9812.84
,,,,,,,,,,,
,3322,12006,Archivos. Trienios,Archivos. Trienios,,3322,1,987.28,0,987.28,965.57
,,,,,,,,,,,
,3322,12100,Archivos. Complemento de destino,Archivos. Complemento de destino,,3322,1,5527.06,0,5527.06,6278.86
,,,,,,,,,,,
,3322,12101,Archivos. Complemento específico,Archivos. Complemento específico,,3322,1,11077.92,0,11077.92,10306.34
,,,,,,,,,,,
,3322,13100,Archivos. Salario Base,Archivos. Salario Base,,3322,1,8389.5,0,8389.5,6540.89
,,,,,,,,,,,
,3322,13102,Archivos. Otras Remuneraciones,Archivos. Otras Remuneraciones,,3322,1,12862.22,0,12862.22,10875.5
,,,,,,,,,,,
,3322,13106,Archivos. Trienios,Archivos. Trienios,,3322,1,751.8,0,751.8,586.1
,,,,,,,,,,,
,3322,21601,Archivos. Mantenimiento Sistema Integrado Archivo,Archivos. Mantenimiento Sistema Integrado Archivo,,3322,2,1650,0,1650,0
,,,,,,,,,,,
,3322,62605,Archivos..Adquisición de  Equipos Informaticos,Archivos..Adquisición de  Equipos Informaticos,,3322,62605,0,9366.61,9366.61,9081.5
,,,,,,,,,,,
,3341,11000,Infancia y Juventud.Retribuciones básicas,Infancia y Juventud.Retribuciones básicas,,3341,1,0,0,0,13337.17
,,,,,,,,,,,
,3341,13000,Infancia y Juventud.Retribuciones básicas,Infancia y Juventud.Retribuciones básicas,,3341,1,8389.5,0,8389.5,11096.4
,,,,,,,,,,,
,3341,13002,Infancia y Juventud.Otras remuneraciones,Infancia y Juventud.Otras remuneraciones,,3341,1,13086.8,0,13086.8,17291.65
,,,,,,,,,,,
,3341,13006,Infancia y Juventud.Trienios,Infancia y Juventud.Trienios,,3341,1,1271.6,0,1271.6,1954.23
,,,,,,,,,,,
,3341,13100,Infancia y Juventud.Salario Base,Infancia y Juventud.Salario Base,,3341,1,64521.71,0,64521.71,60592.71
,,,,,,,,,,,
,3341,13102,Infancia y Juventud.Otras Remuneraciones,Infancia y Juventud.Otras Remuneraciones,,3341,1,88225.63,0,88225.63,73090.22
,,,,,,,,,,,
,3341,13106,Infancia y Juventud.Trienios,Infancia y Juventud.Trienios,,3341,1,6856.72,0,6856.72,4957.63
,,,,,,,,,,,
,3341,15100,Infancia y Juventud.Gratificaciones,Infancia y Juventud.Gratificaciones,,3341,15,2733.01,0,2733.01,1889.89
,,,,,,,,,,,
,3341,20301,Infancia y Juventud Alquiler Material Actividades Recreativas,Infancia y Juventud Alquiler Material Actividades Recreativas,,3341,2,4300,-2420,1880,0
,,,,,,,,,,,
,3341,21301,"Infancia y Juventud.Mantenimiento, maquinaria, instalacciones y utillaje","Infancia y Juventud.Mantenimiento, maquinaria, instalacciones y utillaje",,3341,2,500,0,500,17340.2
,,,,,,,,,,,
,3341,21303,Infancia y Juventud Mantenimiento aparatos elevadores,Infancia y Juventud Mantenimiento aparatos elevadores,,3341,2,813.35,0,813.35,794.69
,,,,,,,,,,,
,3341,22001,"Infancia y Juventud.Prensa, revistas, libros y otras publicaciones","Infancia y Juventud.Prensa, revistas, libros y otras publicaciones",,3341,2,2000,-450,1550,0
,,,,,,,,,,,
,3341,22100,Infancia y Juventud.Energía eléctrica,Infancia y Juventud.Energía eléctrica,,3341,2,5500,0,5500,377.12
,,,,,,,,,,,
,3341,22199,Infancia y Juventud.Otros suministros,Infancia y Juventud.Otros suministros,,3341,2,2000,0,2000,138.4
,,,,,,,,,,,
,3341,22400,Infancia y Juventud.Primas de seguros,Infancia y Juventud.Primas de seguros,,3341,2,3000,0,3000,5445.66
,,,,,,,,,,,
,3341,22602,Infancia y Juventud.Publicidad y propaganda,Infancia y Juventud.Publicidad y propaganda,,3341,2,2160.23,2160.23,4320.46,2642.94
,,,,,,,,,,,
,3341,22619,Infancia y Juventud.Gastos varios infancia,Infancia y Juventud.Gastos varios infancia,,3341,2,10000,0,10000,4001.05
,,,,,,,,,,,
,3341,22621,Infancia y Juventud.Gastos diversos juventud,Infancia y Juventud.Gastos diversos juventud,,3341,2,20000,-1325.7,18674.3,8530.5
,,,,,,,,,,,
,3341,22627,Infancia y Juventud.Campamentos de verano,Infancia y Juventud.Campamentos de verano,,3341,2,24411,0,24411,23479.39
,,,,,,,,,,,
,3341,22699,Infancia y Juventud.Otros gastos diversos,Infancia y Juventud.Otros gastos diversos,,3341,2,8000,0,8000,3014.21
,,,,,,,,,,,
,3341,22715,Infancia y Juventud.Limpieza en edificios,Infancia y Juventud.Limpieza en edificios,,3341,2,30110.56,0,30110.56,29904.43
,,,,,,,,,,,
,3341,62304,"Infancia y Juventud.Maquinaria, instalaciones técnicas y utillaje","Infancia y Juventud.Maquinaria, instalaciones técnicas y utillaje",,3341,62304,0,4195.7,4195.7,4180.2
,,,,,,,,,,,
,3342,11000,Tercera Edad.Retribuciones básicas,Tercera Edad.Retribuciones básicas,,3342,1,28480.8,0,28480.8,28287.2
,,,,,,,,,,,
,3342,13000,Tercera Edad.Retribuciones básicas,Tercera Edad.Retribuciones básicas,,3342,1,23279.62,0,23279.62,21485.19
,,,,,,,,,,,
,3342,13002,Tercera Edad.Otras remuneraciones,Tercera Edad.Otras remuneraciones,,3342,1,9688.86,0,9688.86,11860.54
,,,,,,,,,,,
,3342,13006,Tercera Edad.Trienios,Tercera Edad.Trienios,,3342,1,1880,0,1880,2467.94
,,,,,,,,,,,
,3342,13100,Tercera Edad.Salario Base,Tercera Edad.Salario Base,,3342,1,23035.74,0,23035.74,22912.78
,,,,,,,,,,,
,3342,13102,Tercera Edad.Otras Remuneraciones,Tercera Edad.Otras Remuneraciones,,3342,1,28249.28,0,28249.28,28268.86
,,,,,,,,,,,
,3342,13106,Tercera Edad.Trienios,Tercera Edad.Trienios,,3342,1,1837.88,0,1837.88,1589.46
,,,,,,,,,,,
,3342,21301,"Tercera Edad.Mantenimiento, maquinaria, instalacciones y utillaje","Tercera Edad.Mantenimiento, maquinaria, instalacciones y utillaje",,3342,2,1000,0,1000,502.65
,,,,,,,,,,,
,3342,22001,"Tercera Edad Prensa, revistas, libros y otras publicaciones","Tercera Edad Prensa, revistas, libros y otras publicaciones",,3342,2,350,0,350,323.8
,,,,,,,,,,,
,3342,22100,Tercera Edad.Energía eléctrica,Tercera Edad.Energía eléctrica,,3342,2,42500,0,42500,25758.01
,,,,,,,,,,,
,3342,22101,Tercera Edad.Agua,Tercera Edad.Agua,,3342,2,1500,0,1500,1359.9
,,,,,,,,,,,
,3342,22125,Tercera Edad.Peluquería 3º edad.,Tercera Edad.Peluquería 3º edad.,,3342,2,3500,0,3500,3099.17
,,,,,,,,,,,
,3342,22199,Tercera Edad.Otros suministros,Tercera Edad.Otros suministros,,3342,2,1000,0,1000,537.39
,,,,,,,,,,,
,3342,22400,Tercera Edad.Primas de seguros,Tercera Edad.Primas de seguros,,3342,2,1500,0,1500,849.66
,,,,,,,,,,,
,3342,22602,Tercera Edad Publicidad y propaganda,Tercera Edad Publicidad y propaganda,,3342,2,812.88,812.88,1625.76,712.32
,,,,,,,,,,,
,3342,22623,Tercera Edad.Gastos culturales tercera edad,Tercera Edad.Gastos culturales tercera edad,,3342,2,2880,0,2880,1991.43
,,,,,,,,,,,
,3342,22624,Tercera Edad.Viajes tercera edad,Tercera Edad.Viajes tercera edad,,3342,2,20000,0,20000,14750
,,,,,,,,,,,
,3342,22637,Tercera Edad.Excursiones tercera edad,Tercera Edad.Excursiones tercera edad,,3342,2,4900,0,4900,1207
,,,,,,,,,,,
,3342,22699,Tercera Edad.Otros gastos diversos,Tercera Edad.Otros gastos diversos,,3342,2,7400,0,7400,7901.4
,,,,,,,,,,,
,3342,22715,Tercera Edad.Limpieza en edificios,Tercera Edad.Limpieza en edificios,,3342,2,20600,159.72,20759.72,19112.86
,,,,,,,,,,,
,3343,12004,Mujer.Sueldos del Grupo C2,Mujer.Sueldos del Grupo C2,,3343,1,8389.5,0,8389.5,8142.54
,,,,,,,,,,,
,3343,12006,Mujer.Trienios,Mujer.Trienios,,3343,1,1395.44,0,1395.44,1845.09
,,,,,,,,,,,
,3343,12100,Mujer.Complemento de destino,Mujer.Complemento de destino,,3343,1,4270.14,0,4270.14,4149.83
,,,,,,,,,,,
,3343,12101,Mujer.Complemento específico,Mujer.Complemento específico,,3343,1,8785.5,0,8785.5,8350
,,,,,,,,,,,
,3343,22400,Mujer.Primas de seguros,Mujer.Primas de seguros,,3343,2,1500,0,1500,0
,,,,,,,,,,,
,3343,22602,Mujer.Publicidad y propaganda,Mujer.Publicidad y propaganda,,3343,2,6000,4500,10500,5674.94
,,,,,,,,,,,
,3343,22618,Mujer.Area de Mujer,Mujer.Area de Mujer,,3343,2,17266.44,0,17266.44,2532.79
,,,,,,,,,,,
,3343,22653,Mujer Plan de Igualdal y Violencia de Género,Mujer Plan de Igualdal y Violencia de Género,,3343,2,6500,0,6500,1766.83
,,,,,,,,,,,
,3343,22699,Mujer.Otros gastos diversos,Mujer.Otros gastos diversos,,3343,2,1500,0,1500,0
,,,,,,,,,,,
,3343,22751,Mujer.Iluminación y sonido,Mujer.Iluminación y sonido,,3343,2,4530.73,0,4530.73,4476.45
,,,,,,,,,,,
,3343,48022,Mujer Subvención AMIA,Mujer Subvención AMIA,,3343,4,2000,0,2000,2000
,,,,,,,,,,,
,3343,48023,Mujer Subvención AMAR,Mujer Subvención AMAR,,3343,4,500,0,500,500
,,,,,,,,,,,
,338,22400,Fiestas populares y festejos. Primas de seguros,Fiestas populares y festejos. Primas de seguros,,338,2,10000,0,10000,4995.59
,,,,,,,,,,,
,338,22735,Fiestas populares y festejos. Fiestas y eventos populares municipales,Fiestas populares y festejos. Fiestas y eventos populares municipales,,338,2,240000,21544.64,261544.64,255506.79
,,,,,,,,,,,
,338,48015,Fiestas populares y festejos. Plan de -subvenciones Locales (Participación Ciudadana,Fiestas populares y festejos. Plan de -subvenciones Locales (Participación Ciudadana,,338,4,20510,0,20510,15466.58
,,,,,,,,,,,
,340,11000,Deportes. Retribuciones básicas,Deportes. Retribuciones básicas,,340,1,62425.32,0,62425.32,42418.05
,,,,,,,,,,,
,340,12004,Deportes. Sueldos del Grupo C2,Deportes. Sueldos del Grupo C2,,340,1,16779,0,16779,14360.16
,,,,,,,,,,,
,340,12006,Deportes. Trienios,Deportes. Trienios,,340,1,2125,0,2125,2064.98
,,,,,,,,,,,
,340,12100,Deportes. Complemento de destino,Deportes. Complemento de destino,,340,1,8540.28,0,8540.28,7320.24
,,,,,,,,,,,
,340,12101,Deportes. Complemento específico,Deportes. Complemento específico,,340,1,17550.24,0,17550.24,32669.31
,,,,,,,,,,,
,340,13000,Deportes. Salario Base,Deportes. Salario Base,,340,1,35687.72,0,35687.72,30262.38
,,,,,,,,,,,
,340,13002,Deportes. Otras remuneraciones,Deportes. Otras remuneraciones,,340,1,74510.27,0,74510.27,73440.82
,,,,,,,,,,,
,340,13006,Deportes. Trienios,Deportes. Trienios,,340,1,4845.07,0,4845.07,4150.51
,,,,,,,,,,,
,340,13100,Deportes. Salario Base,Deportes. Salario Base,,340,1,163550.46,0,163550.46,170348.97
,,,,,,,,,,,
,340,13102,Deportes. Otras Remuneraciones,Deportes. Otras Remuneraciones,,340,1,117161.98,0,117161.98,128179.4
,,,,,,,,,,,
,340,13106,Deportes. Trienios,Deportes. Trienios,,340,1,8089.34,0,8089.34,4250.12
,,,,,,,,,,,
,340,15100,Administración General de Deportes..Gratificaciones,Administración General de Deportes..Gratificaciones,,340,1,0,0,0,1803.03
,,,,,,,,,,,
,340,20300,"Deportes. Arrendamiento de maquinaria, instalacciones y utillaje","Deportes. Arrendamiento de maquinaria, instalacciones y utillaje",,340,2,1000,0,1000,0
,,,,,,,,,,,
,340,21102,Deportes. Otras reparaciones y mantenimientos,Deportes. Otras reparaciones y mantenimientos,,340,2,1000,0,1000,2686.07
,,,,,,,,,,,
,340,21201,Deportes. Mant. de edificios y otras construcciones,Deportes. Mant. de edificios y otras construcciones,,340,2,2000,0,2000,2195.41
,,,,,,,,,,,
,340,21202,Deportes. Reparaciones y mantenimientos,Deportes. Reparaciones y mantenimientos,,340,2,2000,0,2000,9179.8
,,,,,,,,,,,
,340,21301,"Deportes. Mant, maquinaria, instal.  y utillaje","Deportes. Mant, maquinaria, instal.  y utillaje",,340,2,20000,-4000,16000,13313.81
,,,,,,,,,,,
,340,21303,Deportes. Mant. aparatos elevadores,Deportes. Mant. aparatos elevadores,,340,2,813.35,0,813.35,794.69
,,,,,,,,,,,
,340,21501,Deportes. Mantenimiento canastas polideportivos,Deportes. Mantenimiento canastas polideportivos,,340,2,3000,0,3000,4985.2
,,,,,,,,,,,
,340,21600,Deportes. Mant. equipos para procesos de información,Deportes. Mant. equipos para procesos de información,,340,2,7000,0,7000,3283.94
,,,,,,,,,,,
,340,22000,Deportes..Ordinario no inventariable,Deportes..Ordinario no inventariable,,340,2,0,0,0,556.6
,,,,,,,,,,,
,340,22100,Deportes. Energía eléctrica,Deportes. Energía eléctrica,,340,2,108000,0,108000,108603.57
,,,,,,,,,,,
,340,22101,Deportes. Agua,Deportes. Agua,,340,2,21000,0,21000,51844.81
,,,,,,,,,,,
,340,22103,Deportes..Combustibles y carburantes,Deportes..Combustibles y carburantes,,340,2,100000,0,100000,25307
,,,,,,,,,,,
,340,22104,Deportes. Vestuario,Deportes. Vestuario,,340,2,25000,0,25000,11252.69
,,,,,,,,,,,
,340,22106,Deportes. Productos farmacéuticos y material sanitario,Deportes. Productos farmacéuticos y material sanitario,,340,2,1000,0,1000,227
,,,,,,,,,,,
,340,22107,Deportes. Material suministros y otros deportes,Deportes. Material suministros y otros deportes,,340,2,25000,0,25000,29503.48
,,,,,,,,,,,
,340,22199,Deportes. Otros suministros,Deportes. Otros suministros,,340,2,1500,0,1500,1496.32
,,,,,,,,,,,
,340,22400,Deportes. Primas de seguros,Deportes. Primas de seguros,,340,2,19000,0,19000,19694.55
,,,,,,,,,,,
,340,22404,Deportes. Seguro actividades deportivas,Deportes. Seguro actividades deportivas,,340,2,13500,0,13500,15398.34
,,,,,,,,,,,
,340,22602,Deportes..Publicidad y propaganda,Deportes..Publicidad y propaganda,,340,2,7000,7000,14000,10440.92
,,,,,,,,,,,
,340,22613,Deportes. Inscripción de equipos,Deportes. Inscripción de equipos,,340,2,25000,0,25000,16073.2
,,,,,,,,,,,
,340,22614,Deportes..Festejos deportivos,Deportes..Festejos deportivos,,340,2,5000,0,5000,2308
,,,,,,,,,,,
,340,22615,Deportes. Otras actividades deportivas,Deportes. Otras actividades deportivas,,340,2,20000,-19440,560,0
,,,,,,,,,,,
,340,22645,Deportes. Gala del deporte,Deportes. Gala del deporte,,340,2,2000,0,2000,6882.96
,,,,,,,,,,,
,340,22699,Deportes. Otros gastos diversos,Deportes. Otros gastos diversos,,340,2,3000,0,3000,2789.99
,,,,,,,,,,,
,340,22715,Deportes. Limpieza en edificios,Deportes. Limpieza en edificios,,340,2,139793.16,0,139793.16,125783.45
,,,,,,,,,,,
,340,22729,Deportes. Transporte actividades,Deportes. Transporte actividades,,340,2,67124.07,4494.17,71618.24,61692.17
,,,,,,,,,,,
,340,22730,Deportes. Reconocimiento médico,Deportes. Reconocimiento médico,,340,2,4000,0,4000,850
,,,,,,,,,,,
,340,22731,Deportes. Mantenimiento piscina municipal,Deportes. Mantenimiento piscina municipal,,340,2,33880,0,33880,28072.02
,,,,,,,,,,,
,340,22732,Deportes. Arbitrajes,Deportes. Arbitrajes,,340,2,20000,-4000,16000,14879.12
,,,,,,,,,,,
,340,22733,Deportes. Empresas deportivas,Deportes. Empresas deportivas,,340,2,8000,0,8000,4447.96
,,,,,,,,,,,
,340,22734,Deportes. Servicio de lavandería,Deportes. Servicio de lavandería,,340,2,15000,-13000,2000,0
,,,,,,,,,,,
,340,23101,Deportes..Locomoción del personal,Deportes..Locomoción del personal,,340,2,500,0,500,293.04
,,,,,,,,,,,
,340,48009,Deportes..Subvenciones uniones deportivas,Deportes..Subvenciones uniones deportivas,,340,48009,5000,0,5000,5000
,,,,,,,,,,,
,340,48010,Deportes. Unión Deportiva Arroyomolinos,Deportes. Unión Deportiva Arroyomolinos,,340,48010,30075,0,30075,30075
,,,,,,,,,,,
,340,48011,Deportes. Club Deportivo BTT Arroyomolinos,Deportes. Club Deportivo BTT Arroyomolinos,,340,48011,11600,0,11600,8305.93
,,,,,,,,,,,
,340,48012,Deportes. Club Deportivo Elemental Baloncesto Arroyomolinos,Deportes. Club Deportivo Elemental Baloncesto Arroyomolinos,,340,48012,31000,2000,33000,33000
,,,,,,,,,,,
,340,48013,Deportes. Club Atletismo de Arroyomolinos,Deportes. Club Atletismo de Arroyomolinos,,340,48013,29500,0,29500,29500
,,,,,,,,,,,
,340,48027,Deportes. Subvencion Club Deportivo Elemental Javi Alcalá,Deportes. Subvencion Club Deportivo Elemental Javi Alcalá,,340,48027,10000,0,10000,10000
,,,,,,,,,,,
,340,48028,Deportes..Club Deportivo Elemental Esgrima (Karate),Deportes..Club Deportivo Elemental Esgrima (Karate),,,,0,8000,8000,7700
,,,,,,,,,,,
,340,48029,Deportes..Club Deportivo Elemental Esgrima,Deportes..Club Deportivo Elemental Esgrima,,,,0,8000,8000,4900
,,,,,,,,,,,
,340,48030,Deportes..Club Deportivo Elemental de Patinaje de Arroyomolinos,Deportes..Club Deportivo Elemental de Patinaje de Arroyomolinos,,,,0,8000,8000,6151.58
,,,,,,,,,,,
,340,48031,Deportes..Club de Montaña y Escalada Vivac Mountain,Deportes..Club de Montaña y Escalada Vivac Mountain,,,,0,1440,1440,1440
,,,,,,,,,,,
,340,61112,Deportes. Mejoras  Polideportivos,Deportes. Mejoras  Polideportivos,,340,61112,25000,-6157.92,18842.08,18793.83
,,,,,,,,,,,
,340,62302,Deportes..Instalación aire acondicionado,Deportes..Instalación aire acondicionado,,340,62302,0,2439.36,2439.36,2439.36
,,,,,,,,,,,
,340,62317,Deportes.Equipo de Tres Armas para Esgrima,Deportes.Equipo de Tres Armas para Esgrima,,,,0,2351.26,2351.26,2351.26
,,,,,,,,,,,
,340,62501,Deportes..Mobiliario urbano,Deportes..Mobiliario urbano,,340,62501,0,1367.3,1367.3,1367.3
,,,,,,,,,,,
,430,22100,"Comercio, turismo y  pequeñas y medianas empresas..Energía eléctrica","Comercio, turismo y  pequeñas y medianas empresas..Energía eléctrica",,430,2,0,0,0,518.64
,,,,,,,,,,,
,430,22116,Comercio Guía de empresas del municipio,Comercio Guía de empresas del municipio,,430,2,5000,4881.42,9881.42,4925.87
,,,,,,,,,,,
,430,22199,Comercio   Otros suministros,Comercio   Otros suministros,,430,2,1000,0,1000,0
,,,,,,,,,,,
,430,22634,Comercio.  Campañas Navideñas,Comercio.  Campañas Navideñas,,430,2,4000,0,4000,1521.15
,,,,,,,,,,,
,430,22651,Comercio Promoción del Comercio Local,Comercio Promoción del Comercio Local,,430,2,50000,2298.19,52298.19,43849.01
,,,,,,,,,,,
,430,22699,Comercio . Otros gastos diversos,Comercio . Otros gastos diversos,,430,2,2000,0,2000,0
,,,,,,,,,,,
,430,47000,Comercio . Subvención convenio Polígono Valdefuentes,Comercio . Subvención convenio Polígono Valdefuentes,,430,47000,18000,0,18000,0
,,,,,,,,,,,
,430,47002,Comercio . Subvención convenio Polígono Valdearenal Norte,Comercio . Subvención convenio Polígono Valdearenal Norte,,430,47002,18000,0,18000,0
,,,,,,,,,,,
,430,47003,Comercio  . Subvención Poligono Valdearenal Sur,Comercio  . Subvención Poligono Valdearenal Sur,,430,47003,18000,0,18000,0
,,,,,,,,,,,
,432,22602,Información y promoción turística Publicidad y propaganda,Información y promoción turística Publicidad y propaganda,,432,2,2000,0,2000,0
,,,,,,,,,,,
,432,22641,Información y promoción turística.Arroyomolinos se mueve,Información y promoción turística.Arroyomolinos se mueve,,432,2,0,0,0,5434.39
,,,,,,,,,,,
,432,22652,Información y promoción turística Espectculos al Aire libre,Información y promoción turística Espectculos al Aire libre,,432,2,5000,0,5000,0
,,,,,,,,,,,
,432,22706,Información y promoción turística.Estudios y trabajos técnicos,Información y promoción turística.Estudios y trabajos técnicos,,432,2,0,9387.93,9387.93,0
,,,,,,,,,,,
,432,68200,Información y promoción turística.Acondicionamiento  de El Torreón,Información y promoción turística.Acondicionamiento  de El Torreón,,432,68200,0,20086,20086,0
,,,,,,,,,,,
,912,10000,Organos de gobierno. Retribuciones básicas,Organos de gobierno. Retribuciones básicas,,912,1,427970.76,0,427970.76,424500.39
,,,,,,,,,,,
,912,11000,Organos de gobierno. Retribuciones básicas,Organos de gobierno. Retribuciones básicas,,912,1,58995.98,0,58995.98,48116.12
,,,,,,,,,,,
,912,22001,"Organos de gobierno. Prensa, revistas, libros y otras publicaciones","Organos de gobierno. Prensa, revistas, libros y otras publicaciones",,912,2,10000,0,10000,2194.2
,,,,,,,,,,,
,912,22101,Organos de gobierno. Agua,Organos de gobierno. Agua,,912,2,500,0,500,360.36
,,,,,,,,,,,
,912,22400,Órganos de gobierno. Primas de seguros,Órganos de gobierno. Primas de seguros,,912,2,12000,0,12000,0
,,,,,,,,,,,
,912,22601,Organos de gobierno. Atenciones protocolarias y representativas,Organos de gobierno. Atenciones protocolarias y representativas,,912,22601,1500,0,1500,1382.63
,,,,,,,,,,,
,912,22602,Organos de gobierno. Publicidad y propaganda,Organos de gobierno. Publicidad y propaganda,,912,2,60000,0,60000,49214.01
,,,,,,,,,,,
,912,22608,Organos de gobierno. Otros gastos institucionales,Organos de gobierno. Otros gastos institucionales,,912,2,15000,0,15000,22466.78
,,,,,,,,,,,
,912,22654,Órganos de gobierno..Cursos de formación,Órganos de gobierno..Cursos de formación,,912,2,0,0,0,3955.99
,,,,,,,,,,,
,912,23100,Organos de gobierno. Locomoción de los miembros de los órganos de gobierno,Organos de gobierno. Locomoción de los miembros de los órganos de gobierno,,912,2,18000,0,18000,6956.89
,,,,,,,,,,,
,912,23300,Organos de gobierno Otras indemnizaciones de Cargos Electivos,Organos de gobierno Otras indemnizaciones de Cargos Electivos,,912,2,65000,0,65000,60900
,,,,,,,,,,,
,912,48018,Organos de gobierno. A Familias sin ánimo de lucro,Organos de gobierno. A Familias sin ánimo de lucro,,912,48018,5000,0,5000,5000
,,,,,,,,,,,
,912,60908,Órganos de gobierno..Conjunto honorífico Adolfo Suárez,Órganos de gobierno..Conjunto honorífico Adolfo Suárez,,,,0,11942.7,11942.7,11942.7
,,,,,,,,,,,
,912,63201,Órganos de gobierno..Reformas Salón de Plenos,Órganos de gobierno..Reformas Salón de Plenos,,,,0,26000,26000,25520
,,,,,,,,,,,
,912,63500,Órganos de gobierno..Mobiliario Salón de Plenos,Órganos de gobierno..Mobiliario Salón de Plenos,,,,0,17000,17000,16812.73
,,,,,,,,,,,
,9201,11000,Servicios Generales.Retribuciones básicas,Servicios Generales.Retribuciones básicas,,9201,1,56931.6,0,56931.6,25614.34
,,,,,,,,,,,
,9201,12001,Servicios Generales.Sueldos del Grupo A2,Servicios Generales.Sueldos del Grupo A2,,9201,1,13425.72,0,13425.72,13505.77
,,,,,,,,,,,
,9201,12003,Servicios Generales.Sueldos del Grupo C1,Servicios Generales.Sueldos del Grupo C1,,9201,1,10080.28,0,10080.28,9884.84
,,,,,,,,,,,
,9201,12004,Servicios Generales.Sueldos del Grupo C2,Servicios Generales.Sueldos del Grupo C2,,9201,1,8389.5,0,8389.5,7779.33
,,,,,,,,,,,
,9201,12006,Servicios Generales.Trienios,Servicios Generales.Trienios,,9201,1,8001.73,0,8001.73,9071.32
,,,,,,,,,,,
,9201,12100,Servicios Generales.Complemento de destino,Servicios Generales.Complemento de destino,,9201,1,19572,0,19572,19572
,,,,,,,,,,,
,9201,12101,Servicios Generales.Complemento específico,Servicios Generales.Complemento específico,,9201,1,33589.11,0,33589.11,33544.63
,,,,,,,,,,,
,9201,13000,Servicios Generales.Retribuciones básicas,Servicios Generales.Retribuciones básicas,,9201,1,84432.85,0,84432.85,71759.86
,,,,,,,,,,,
,9201,13002,Servicios Generales.Otras remuneraciones,Servicios Generales.Otras remuneraciones,,9201,1,156442.68,0,156442.68,169393.68
,,,,,,,,,,,
,9201,13006,Servicios Generales.Trienios,Servicios Generales.Trienios,,9201,1,19016.57,0,19016.57,17621.25
,,,,,,,,,,,
,9201,13100,Servicios Generales.Salario Base,Servicios Generales.Salario Base,,9201,1,15357.16,0,15357.16,17436.4
,,,,,,,,,,,
,9201,13102,Servicios Generales.Otras Remuneraciones,Servicios Generales.Otras Remuneraciones,,9201,1,26709.19,0,26709.19,29574.83
,,,,,,,,,,,
,9201,13106,Servicios Generales.Trienios,Servicios Generales.Trienios,,9201,1,1289.44,0,1289.44,1010.25
,,,,,,,,,,,
,9201,15100,Servicios Generales.Gratificaciones,Servicios Generales.Gratificaciones,,9201,15,15000,0,15000,14939.57
,,,,,,,,,,,
,9201,20200,"Servicios Generales.Alquiler, edificios y otras contruccciones, el caño","Servicios Generales.Alquiler, edificios y otras contruccciones, el caño",,9201,2,8225.58,0,8225.58,7247.34
,,,,,,,,,,,
,9201,20302,Servicios Generales Arrendamiento de Fuentes Agua potable,Servicios Generales Arrendamiento de Fuentes Agua potable,,9201,2,2300,0,2300,7741.5
,,,,,,,,,,,
,9201,21102,Servicios Generales.Otras reparaciones y mantenimientos,Servicios Generales.Otras reparaciones y mantenimientos,,9201,2,35000,0,35000,28425.27
,,,,,,,,,,,
,9201,21207,Servicios Generales.Mantenimiento garajes,Servicios Generales.Mantenimiento garajes,,9201,2,112000,0,112000,62761.36
,,,,,,,,,,,
,9201,21301,"Servicios Generales.Mantenimiento, maquinaria, instalacciones y utillaje","Servicios Generales.Mantenimiento, maquinaria, instalacciones y utillaje",,9201,2,50900,-17736.85,33163.15,10802.87
,,,,,,,,,,,
,9201,21304,Servicios Generales.Mantenimiento equipos de extinción,Servicios Generales.Mantenimiento equipos de extinción,,9201,2,27583,95161.3,122744.3,12000.97
,,,,,,,,,,,
,9201,21308,Servicios Generales.Mantenimiento instalacciones de gas,Servicios Generales.Mantenimiento instalacciones de gas,,9201,2,6383,0,6383,6882.12
,,,,,,,,,,,
,9201,21309,Servicios Generales.Mantenimiento Protecciones Colectivas,Servicios Generales.Mantenimiento Protecciones Colectivas,,9201,2,989,0,989,798.6
,,,,,,,,,,,
,9201,21400,Servicios Generales.Mantenimiento y reparación de vehículos,Servicios Generales.Mantenimiento y reparación de vehículos,,9201,2,12000,0,12000,22230.41
,,,,,,,,,,,
,9201,22100,Servicios Generales.Energía eléctrica,Servicios Generales.Energía eléctrica,,9201,2,983000,0,983000,828882.98
,,,,,,,,,,,
,9201,22101,Servicios Generales Agua,Servicios Generales Agua,,9201,2,456500,0,456500,499830.56
,,,,,,,,,,,
,9201,22103,Servicios Generales.Combustibles y carburantes,Servicios Generales.Combustibles y carburantes,,9201,2,26000,0,26000,25071.66
,,,,,,,,,,,
,9201,22104,Servicios Generales.Vestuario,Servicios Generales.Vestuario,,9201,2,5000,0,5000,6837.59
,,,,,,,,,,,
,9201,22110,Servicios Generales.Productos de limpieza y aseo,Servicios Generales.Productos de limpieza y aseo,,9201,2,1200,0,1200,1496.71
,,,,,,,,,,,
,9201,22113,Servicios Generales.Manutención de animales,Servicios Generales.Manutención de animales,,9201,2,500,0,500,0
,,,,,,,,,,,
,9201,22115,Servicios Generales.Equipos de protección individual,Servicios Generales.Equipos de protección individual,,9201,2,1030,0,1030,619.52
,,,,,,,,,,,
,9201,22118,Servicios Generales Suministros contrato aire acondicionado,Servicios Generales Suministros contrato aire acondicionado,,9201,2,500,0,500,0
,,,,,,,,,,,
,9201,22124,Servicios Generales.Reposición equipos de extinción obligatorios,Servicios Generales.Reposición equipos de extinción obligatorios,,9201,2,0,0,0,410.43
,,,,,,,,,,,
,9201,22128,Servicios Generales.Suministro de material de ferreteria,Servicios Generales.Suministro de material de ferreteria,,9201,2,14000,0,14000,20101.52
,,,,,,,,,,,
,9201,22129,Servicios Generales.Suministro de materiales de contrucción,Servicios Generales.Suministro de materiales de contrucción,,9201,2,24000,0,24000,25850.01
,,,,,,,,,,,
,9201,22130,Servicios Generales.Suministro de materiales de fontanería,Servicios Generales.Suministro de materiales de fontanería,,9201,2,5200,0,5200,7775.79
,,,,,,,,,,,
,9201,22131,Servicios Generales Suministro de materiales de jardinería,Servicios Generales Suministro de materiales de jardinería,,9201,2,5000,0,5000,24397.21
,,,,,,,,,,,
,9201,22199,Servicios Generales.Otros suministros,Servicios Generales.Otros suministros,,9201,2,10000,0,10000,4382.45
,,,,,,,,,,,
,9201,22400,Servicios Generales.Primas de seguros,Servicios Generales.Primas de seguros,,9201,2,9000,0,9000,5864.67
,,,,,,,,,,,
,9201,22401,Servicios Generales.Primas de seguros de vehículos,Servicios Generales.Primas de seguros de vehículos,,9201,2,7500,0,7500,7551.04
,,,,,,,,,,,
,9201,22605,Servicios Generales.Indemnizaciones a particulares,Servicios Generales.Indemnizaciones a particulares,,9201,2,2500,0,2500,1600
,,,,,,,,,,,
,9201,22699,Servicios Generales.Otros gastos diversos,Servicios Generales.Otros gastos diversos,,9201,2,8800,0,8800,6226.76
,,,,,,,,,,,
,9201,22715,Servicios Generales.Limpieza en edificios,Servicios Generales.Limpieza en edificios,,9201,2,8005.42,0,8005.42,7144.6
,,,,,,,,,,,
,9201,22719,Servicios Generales Mantenimiento y conservación de fuentes,Servicios Generales Mantenimiento y conservación de fuentes,,9201,2,168689.35,-12499,156190.35,121718.93
,,,,,,,,,,,
,9201,22721,Servicios Generales.Mantenimiento y reparación de edificios y pavimentos de las vías públicas,Servicios Generales.Mantenimiento y reparación de edificios y pavimentos de las vías públicas,,9201,2,106648.66,0,106648.66,95189.53
,,,,,,,,,,,
,9201,22740,Servicios Generales.Mantenimiento aire acondicionado,Servicios Generales.Mantenimiento aire acondicionado,,9201,2,70000,0,70000,45183.91
,,,,,,,,,,,
,9201,60904,Servicios Generales.Derribo construcción c/ Moraleja,Servicios Generales.Derribo construcción c/ Moraleja,,9201,60904,0,23288.98,23288.98,23288.98
,,,,,,,,,,,
,9201,61105,Servicios Generales.Adecuación de  rotondas,Servicios Generales.Adecuación de  rotondas,,,,0,120000,120000,0
,,,,,,,,,,,
,9201,62307,Servicios Generales.Protecciones colectivas  obligatorias,Servicios Generales.Protecciones colectivas  obligatorias,,9201,62307,6500,-3441.81,3058.19,3043.86
,,,,,,,,,,,
,9201,62318,Servicios Generales.Máquina Esparcidorra de Sal.,Servicios Generales.Máquina Esparcidorra de Sal.,,9201,62318,0,2184.05,2184.05,0
,,,,,,,,,,,
,9201,62501,Servicios Generales Mobiliario urbano,Servicios Generales Mobiliario urbano,,9201,62501,30000,-19000,11000,7395.95
,,,,,,,,,,,
,9201,63301,Servicios Generales.Reposición maquina aire acondicionado c. cívico,Servicios Generales.Reposición maquina aire acondicionado c. cívico,,9201,63301,0,3952.8,3952.8,3952.8
,,,,,,,,,,,
,9201,63309,Servicios Generales.Transformador en Fuente Ornamental,Servicios Generales.Transformador en Fuente Ornamental,,9201,63309,0,3300,3300,3196.82
,,,,,,,,,,,
,9201,64012,Servicios Generales.Proyectos planes de autoprotección,Servicios Generales.Proyectos planes de autoprotección,,9201,64012,3090,0,3090,605
,,,,,,,,,,,
,9202,11000,Administrción General. Retribuciones básicas,Administrción General. Retribuciones básicas,,9202,1,28480.8,0,28480.8,25826.75
,,,,,,,,,,,
,9202,12000,Administrción General. Sueldos del Grupo A1,Administrción General. Sueldos del Grupo A1,,9202,1,46580.1,0,46580.1,40997.4
,,,,,,,,,,,
,9202,12001,Administrción General. Sueldos del Grupo A2,Administrción General. Sueldos del Grupo A2,,9202,1,13425.72,0,13425.72,10988.56
,,,,,,,,,,,
,9202,12003,Administrción General. Sueldos del Grupo C1,Administrción General. Sueldos del Grupo C1,,9202,1,30240.84,0,30240.84,26774.44
,,,,,,,,,,,
,9202,12004,Administrción General. Sueldos del Grupo C2,Administrción General. Sueldos del Grupo C2,,9202,1,50337,0,50337,49472.87
,,,,,,,,,,,
,9202,12006,Administrción General. Trienios,Administrción General. Trienios,,9202,1,28283.12,0,28283.12,36848.46
,,,,,,,,,,,
,9202,12100,Administrción General. Complemento de destino,Administrción General. Complemento de destino,,9202,1,91384.3,0,91384.3,86844.93
,,,,,,,,,,,
,9202,12101,Administrción General. Complemento específico,Administrción General. Complemento específico,,9202,1,188791.75,0,188791.75,192732.48
,,,,,,,,,,,
,9202,12103,Administrción General.Otros complementos,Administrción General.Otros complementos,,9202,1,0,0,0,1200
,,,,,,,,,,,
,9202,13000,Administrción General. Retribuciones básicas,Administrción General. Retribuciones básicas,,9202,1,25437.44,0,25437.44,25242
,,,,,,,,,,,
,9202,13002,Administrción General. Otras remuneraciones,Administrción General. Otras remuneraciones,,9202,1,35216.85,0,35216.85,35642.92
,,,,,,,,,,,
,9202,13006,Administrción General. Trienios,Administrción General. Trienios,,9202,1,3043.91,0,3043.91,3218.71
,,,,,,,,,,,
,9202,13100,Administrción General. Salario Base,Administrción General. Salario Base,,9202,1,7678.58,0,7678.58,7678.58
,,,,,,,,,,,
,9202,13102,Administrción General. Otras Remuneraciones,Administrción General. Otras Remuneraciones,,9202,1,10003.32,0,10003.32,10612.86
,,,,,,,,,,,
,9202,13106,Administrción General. Trienios,Administrción General. Trienios,,9202,1,953.84,0,953.84,1276.61
,,,,,,,,,,,
,9202,15000,Administrción General Productividad,Administrción General Productividad,,9202,15000,44197.3,-1800,42397.3,3931.83
,,,,,,,,,,,
,9202,15100,Administrción General. Gratificaciones,Administrción General. Gratificaciones,,9202,15100,3000,1800,4800,4800
,,,,,,,,,,,
,9202,15101,Administrción General. Gratificaciones Juzgado,Administrción General. Gratificaciones Juzgado,,9202,15101,3600,0,3600,3600
,,,,,,,,,,,
,9202,20202,Administrción General. Alquiler garaje Área Centralidad,Administrción General. Alquiler garaje Área Centralidad,,9202,2,28266.08,0,28266.08,24904.33
,,,,,,,,,,,
,9202,20300,"Administrción General.Arrendamiento de maquinaria, instalacciones y utillaje","Administrción General.Arrendamiento de maquinaria, instalacciones y utillaje",,9202,2,0,0,0,0
,,,,,,,,,,,
,9202,20601,Administrción General. Alquiler equipos para procesos información fotocopiadoras,Administrción General. Alquiler equipos para procesos información fotocopiadoras,,9202,2,31472.04,0,31472.04,24016.2
,,,,,,,,,,,
,9202,21301,"Administrción General. Mantenimiento, maquinaria, instalacciones y utillaje","Administrción General. Mantenimiento, maquinaria, instalacciones y utillaje",,9202,2,2200,0,2200,0
,,,,,,,,,,,
,9202,21303,Administrción General. Mantenimiento aparatos elevadores,Administrción General. Mantenimiento aparatos elevadores,,9202,2,2571.87,0,2571.87,2512.8
,,,,,,,,,,,
,9202,21600,Administrción General. Mantenimiento equipos para procesos de información,Administrción General. Mantenimiento equipos para procesos de información,,9202,2,134558.83,0,134558.83,149598.06
,,,,,,,,,,,
,9202,22000,Administrción General. Ordinario no inventariable,Administrción General. Ordinario no inventariable,,9202,2,30000,0,30000,33418.15
,,,,,,,,,,,
,9202,22001,"Administrción General. Prensa, revistas, libros y otras publicaciones","Administrción General. Prensa, revistas, libros y otras publicaciones",,9202,2,6700,0,6700,9243
,,,,,,,,,,,
,9202,22002,"Administrción General Material, informático no inventariable","Administrción General Material, informático no inventariable",,9202,2,2000,0,2000,0
,,,,,,,,,,,
,9202,22201,Administrción General. Postales,Administrción General. Postales,,9202,2,60000,0,60000,47429.55
,,,,,,,,,,,
,9202,22400,Administrción General. Primas de seguros,Administrción General. Primas de seguros,,9202,2,89000,0,89000,60402.98
,,,,,,,,,,,
,9202,22600,Administrción General. Gastos diversos,Administrción General. Gastos diversos,,9202,2,3600,0,3600,1609.58
,,,,,,,,,,,
,9202,22603,Administrción General. Publicación en Diarios Oficiales,Administrción General. Publicación en Diarios Oficiales,,9202,2,58000,0,58000,58039.35
,,,,,,,,,,,
,9202,22604,"Administrción General. Jurídicos, contenciosos","Administrción General. Jurídicos, contenciosos",,9202,2,36000,0,36000,1290
,,,,,,,,,,,
,9202,22607,Administrción General. Oposiciones y pruebas selectivas,Administrción General. Oposiciones y pruebas selectivas,,9202,2,0,0,0,267.76
,,,,,,,,,,,
,9202,22699,Administrción General. Otros gastos diversos,Administrción General. Otros gastos diversos,,9202,2,3000,0,3000,2654.36
,,,,,,,,,,,
,9202,22705,Administrción General Procesos electorales,Administrción General Procesos electorales,,9202,2,21000,8300,29300,16452.48
,,,,,,,,,,,
,9202,22706,Administrción General. Estudios y trabajos técnicos,Administrción General. Estudios y trabajos técnicos,,9202,2,4000,0,4000,8470
,,,,,,,,,,,
,9202,22714,Administrción General. Servicio de ordenanzas,Administrción General. Servicio de ordenanzas,,9202,2,213565.97,0,213565.97,190551.14
,,,,,,,,,,,
,9202,22715,Administrción General. Limpieza en edificios,Administrción General. Limpieza en edificios,,9202,2,58974.15,0,58974.15,82588.81
,,,,,,,,,,,
,9202,23101,Administrción General.Locomoción del personal,Administrción General.Locomoción del personal,,9202,2,0,0,0,135.33
,,,,,,,,,,,
,9202,44900,Administrción General. Subvención a la explotación Emuvisa,Administrción General. Subvención a la explotación Emuvisa,,9202,44900,541200,0,541200,541200
,,,,,,,,,,,
,9202,83000,Administrción General. Pagas anticipadas y demás préstamos al personal,Administrción General. Pagas anticipadas y demás préstamos al personal,,9202,8,18000,0,18000,13100
,,,,,,,,,,,
,9231,12004,Gestión del Padrón Municipal de Habitantes Sueldos del Grupo C2,Gestión del Padrón Municipal de Habitantes Sueldos del Grupo C2,,9231,1,25168.5,0,25168.5,24714.12
,,,,,,,,,,,
,9231,12006,Gestión del Padrón Municipal de Habitantes Trienios,Gestión del Padrón Municipal de Habitantes Trienios,,9231,1,2165.9,0,2165.9,963.27
,,,,,,,,,,,
,9231,12100,Gestión del Padrón Municipal de Habitantes Complemento de destino,Gestión del Padrón Municipal de Habitantes Complemento de destino,,9231,1,12810.42,0,12810.42,12583.36
,,,,,,,,,,,
,9231,12101,Gestión del Padrón Municipal de Habitantes Complemento específico,Gestión del Padrón Municipal de Habitantes Complemento específico,,9231,1,25776.24,0,25776.24,25319.36
,,,,,,,,,,,
,925,12003,Atención a los ciudadanos. Sueldos del Grupo C1,Atención a los ciudadanos. Sueldos del Grupo C1,,925,1,10080.28,0,10080.28,9884.84
,,,,,,,,,,,
,925,12004,Atención a los ciudadanos. Sueldos del Grupo C2,Atención a los ciudadanos. Sueldos del Grupo C2,,925,1,16779,0,16779,16795.24
,,,,,,,,,,,
,925,12006,Atención a los ciudadanos. Trienios,Atención a los ciudadanos. Trienios,,925,1,2984.52,0,2984.52,3174.95
,,,,,,,,,,,
,925,12100,Atención a los ciudadanos. Complemento de destino,Atención a los ciudadanos. Complemento de destino,,925,1,14067.34,0,14067.34,14067.34
,,,,,,,,,,,
,925,12101,Atención a los ciudadanos. Complemento específico,Atención a los ciudadanos. Complemento específico,,925,1,28262.08,0,28262.08,28250.85
,,,,,,,,,,,
,925,22756,Atención a los ciudadanos. Servicio asesoramiento de consumo,Atención a los ciudadanos. Servicio asesoramiento de consumo,,925,2,7900,0,7900,4564
,,,,,,,,,,,
,925,62500,Atención a los ciudadanos. Mobiliario,Atención a los ciudadanos. Mobiliario,,925,62500,1000,0,1000,774.25
,,,,,,,,,,,
,926,20606,Comunicaciones Hosting alojamiento ventanilla única,Comunicaciones Hosting alojamiento ventanilla única,,926,2,2600,0,2600,0
,,,,,,,,,,,
,926,20609,Comunicaciones internas..Hosting página web,Comunicaciones internas..Hosting página web,,926,2,0,0,0,335.17
,,,,,,,,,,,
,926,21600,Comunicaciones internas. Mantenimiento equipos para procesos de información,Comunicaciones internas. Mantenimiento equipos para procesos de información,,926,2,1000,0,1000,293.06
,,,,,,,,,,,
,926,21606,Comunicaciones Mantenimiento página web,Comunicaciones Mantenimiento página web,,926,2,12000,0,12000,11325.6
,,,,,,,,,,,
,926,21607,Comunicaciones Mantenimiento Software,Comunicaciones Mantenimiento Software,,926,2,3500,0,3500,0
,,,,,,,,,,,
,926,21609,Comunicaciones internas. Registros Absis,Comunicaciones internas. Registros Absis,,926,2,29890.63,0,29890.63,203.89
,,,,,,,,,,,
,926,22001,"Comunicaciones internas..Prensa, revistas, libros y otras publicaciones","Comunicaciones internas..Prensa, revistas, libros y otras publicaciones",,926,2,0,0,0,5037.72
,,,,,,,,,,,
,926,22002,"Comunicaciones internas. Material, informático no inventariable","Comunicaciones internas. Material, informático no inventariable",,926,2,3000,0,3000,2658.06
,,,,,,,,,,,
,926,22203,Comunicaciones.Informáticas ADSL,Comunicaciones.Informáticas ADSL,,926,2,25000,0,25000,25671.14
,,,,,,,,,,,
,926,22205,Comunicaciones Correos electronicos y alojamiento  página web,Comunicaciones Correos electronicos y alojamiento  página web,,926,2,700,0,700,580.8
,,,,,,,,,,,
,926,22206,Comunicaciones Teléfonos fijos,Comunicaciones Teléfonos fijos,,926,2,181000,0,181000,119805.23
,,,,,,,,,,,
,926,22207,Comunicaciones Teléfonos  móviles,Comunicaciones Teléfonos  móviles,,926,2,43000,0,43000,40229.37
,,,,,,,,,,,
,926,22208,Comunicaciones Renovación fireware,Comunicaciones Renovación fireware,,926,2,2000,0,2000,0
,,,,,,,,,,,
,926,22299,Comunicaciones internas. Otros gastos en comunicaciones,Comunicaciones internas. Otros gastos en comunicaciones,,926,2,8000,0,8000,4321.93
,,,,,,,,,,,
,926,22771,Comunicaciones internas..Auditoría e Inventario -Informático,Comunicaciones internas..Auditoría e Inventario -Informático,,926,2,0,0,0,0
,,,,,,,,,,,
,926,62309,Comunicaciones internas..Móviles corporación,Comunicaciones internas..Móviles corporación,,926,62309,0,12499,12499,11461.95
,,,,,,,,,,,
,926,62606,Comunicaciones internas. Adquisicion Software,Comunicaciones internas. Adquisicion Software,,926,62606,45000,0,45000,11169.39
,,,,,,,,,,,
,926,63602,Comunicaciones internas. Adquisición Equipos para procesos de información,Comunicaciones internas. Adquisición Equipos para procesos de información,,926,63602,20000,0,20000,9630.37
,,,,,,,,,,,
,931,12000,Política económica y fiscal. Sueldos del Grupo A1,Política económica y fiscal. Sueldos del Grupo A1,,931,1,15526.7,0,15526.7,22218.86
,,,,,,,,,,,
,931,12003,Política económica y fiscal. Sueldos del Grupo C1,Política económica y fiscal. Sueldos del Grupo C1,,931,1,30240.84,0,30240.84,27494.46
,,,,,,,,,,,
,931,12004,Política económica y fiscal. Sueldos del Grupo C2,Política económica y fiscal. Sueldos del Grupo C2,,931,1,33558,0,33558,28720.32
,,,,,,,,,,,
,931,12006,Política económica y fiscal. Trienios,Política económica y fiscal. Trienios,,931,1,18713.6,0,18713.6,22514.37
,,,,,,,,,,,
,931,12100,Política económica y fiscal. Complemento de destino,Política económica y fiscal. Complemento de destino,,931,1,47224.24,0,47224.24,39047.84
,,,,,,,,,,,
,931,12101,Política económica y fiscal. Complemento específico,Política económica y fiscal. Complemento específico,,931,1,110118.06,0,110118.06,117880.12
,,,,,,,,,,,
,931,22699,Política económica y fiscal..Otros gastos diversos,Política económica y fiscal..Otros gastos diversos,,931,2,1000,0,1000,0
,,,,,,,,,,,
,931,35200,Política económica y fiscal. Intereses de demora,Política económica y fiscal. Intereses de demora,,931,3,7000,0,7000,7229.78
,,,,,,,,,,,
,931,35900,Política económica y fiscal. Otros gastos financieros,Política económica y fiscal. Otros gastos financieros,,931,3,13000,1816.76,14816.76,12326.26
,,,,,,,,,,,
,931,35901,Política económica y fiscal..Gastos financieros TPV,Política económica y fiscal..Gastos financieros TPV,,931,3,6000,0,6000,2202.53
,,,,,,,,,,,
,931,62500,Política económica y fiscal. Mobiliario,Política económica y fiscal. Mobiliario,,931,62500,3000,2051.49,5051.49,5040.19
,,,,,,,,,,,
,932,12000,Gestión del sistema tributario. Sueldos del Grupo A1,Gestión del sistema tributario. Sueldos del Grupo A1,,932,1,15526.7,0,15526.7,0
,,,,,,,,,,,
,932,12001,Gestión del sistema tributario. Sueldos del Grupo A2,Gestión del sistema tributario. Sueldos del Grupo A2,,932,1,13425.72,0,13425.72,10535.74
,,,,,,,,,,,
,932,12003,Gestión del sistema tributario. Sueldos del Grupo C1,Gestión del sistema tributario. Sueldos del Grupo C1,,932,1,40321.12,0,40321.12,40715.39
,,,,,,,,,,,
,932,12004,Gestión del sistema tributario. Sueldos del Grupo C2,Gestión del sistema tributario. Sueldos del Grupo C2,,932,1,83895,0,83895,78444.2
,,,,,,,,,,,
,932,12006,Gestión del sistema tributario. Trienios,Gestión del sistema tributario. Trienios,,932,1,13732.86,0,13732.86,10208.9
,,,,,,,,,,,
,932,12100,Gestión del sistema tributario. Complemento de destino,Gestión del sistema tributario. Complemento de destino,,932,1,84623.98,0,84623.98,101837.01
,,,,,,,,,,,
,932,12101,Gestión del sistema tributario. Complemento específico,Gestión del sistema tributario. Complemento específico,,932,1,163232.16,0,163232.16,172261.88
,,,,,,,,,,,
,932,13100,Gestión del sistema tributario. Salario Base,Gestión del sistema tributario. Salario Base,,932,1,7678.58,0,7678.58,7678.58
,,,,,,,,,,,
,932,13102,Gestión del sistema tributario. Otras Remuneraciones,Gestión del sistema tributario. Otras Remuneraciones,,932,1,9361.94,0,9361.94,9361.94
,,,,,,,,,,,
,932,13106,Gestión del sistema tributario. Trienios,Gestión del sistema tributario. Trienios,,932,1,565.74,0,565.74,565.74
,,,,,,,,,,,
,934,12000,Gestión de la deuda y de la tesorería. Sueldos del Grupo A1,Gestión de la deuda y de la tesorería. Sueldos del Grupo A1,,934,1,15526.7,0,15526.7,13568.27
,,,,,,,,,,,
,934,12004,Gestión de la deuda y de la tesorería. Sueldos del Grupo C2,Gestión de la deuda y de la tesorería. Sueldos del Grupo C2,,934,1,25168.5,0,25168.5,25173.82
,,,,,,,,,,,
,934,12006,Gestión de la deuda y de la tesorería. Trienios,Gestión de la deuda y de la tesorería. Trienios,,934,1,5311.85,0,5311.85,5675.67
,,,,,,,,,,,
,934,12100,Gestión de la deuda y de la tesorería. Complemento de destino,Gestión de la deuda y de la tesorería. Complemento de destino,,934,1,27315.4,0,27315.4,27315.4
,,,,,,,,,,,
,934,12101,Gestión de la deuda y de la tesorería. Complemento específico,Gestión de la deuda y de la tesorería. Complemento específico,,934,1,56411.04,0,56411.04,56787.84
,,,,,,,,,,,
